{
  "Afghanistan": "Afghanistan",
  "Albania": "Albania",
  "Algeria": "Algeria",
  "American Samoa": "American Samoa",
  "Andorra": "Andorra",
  "Angola": "Angola",
  "Anguilla": "Anguilla",
  "Antigua and Barbuda": "Antigua and Barbuda",
  "Argentina": "Argentina",
  "Armenia": "Armenia",
  "Aruba": "Aruba",
  "Australia": "Australia",
  "Austria": "Austria",
  "Azerbaijan": "Azerbaijan",
  "Bahamas": "Bahamas",
  "Bahrain": "Bahrain",
  "Bangladesh": "Bangladesh",
  "Barbados": "Barbados",
  "Belarus": "Belarus",
  "Belgium": "Belgium",
  "Belize": "Belize",
  "Benin": "Benin",
  "Bermuda": "Bermuda",
  "Bhutan": "Bhutan",
  "Bolivia (Plurinational State of)": "Bolivia",
  "Bosnia and Herzegovina": "Bosnia and Herzegovina",
  "Botswana": "Botswana",
  "Brazil": "Brazil",
  "British Virgin Islands": "British Virgin Islands",
  "Brunei Darussalam": "Brunei",
  "Bulgaria": "Bulgaria",
  "Burkina Faso": "Burkina Faso",
  "Burundi": "Burundi",
  "Cabo Verde": "Cape Verde",
  "Cambodia": "Cambodia",
  "Cameroon": "Cameroon",
  "Canada": "Canada",
  "Cayman Islands": "Cayman Islands",
  "Central African Republic": "Central African Republic",
  "Chad": "Chad",
  "Chile": "Chile",
  "China": "China",
  "Colombia": "Colombia",
  "Comoros": "Comoros",
  "Congo": "Congo",
  "Cook Islands": "Cook Islands",
  "Costa Rica": "Costa Rica",
  "Croatia": "Croatia",
  "Cuba": "Cuba",
  "Cura\u00e7ao": "Curacao",
  "Cyprus": "Cyprus",
  "Czechia": "Czechia",
  "C\u00f4te d'Ivoire": "Cote d'Ivoire",
  "Democratic People's Republic of Korea": "North Korea",
  "Democratic Republic of the Congo": "Democratic Republic of Congo",
  "Denmark": "Denmark",
  "Djibouti": "Djibouti",
  "Dominica": "Dominica",
  "Dominican Republic": "Dominican Republic",
  "Ecuador": "Ecuador",
  "Egypt": "Egypt",
  "El Salvador": "El Salvador",
  "Equatorial Guinea": "Equatorial Guinea",
  "Eritrea": "Eritrea",
  "Estonia": "Estonia",
  "Eswatini": "Eswatini",
  "Ethiopia": "Ethiopia",
  "Fiji": "Fiji",
  "Finland": "Finland",
  "France": "France",
  "French Guiana": "French Guiana",
  "French Polynesia": "French Polynesia",
  "Gabon": "Gabon",
  "Gambia": "Gambia",
  "Georgia": "Georgia",
  "Germany": "Germany",
  "Ghana": "Ghana",
  "Greece": "Greece",
  "Greenland": "Greenland",
  "Grenada": "Grenada",
  "Guadeloupe": "Guadeloupe",
  "Guam": "Guam",
  "Guatemala": "Guatemala",
  "Guinea": "Guinea",
  "Guinea-Bissau": "Guinea-Bissau",
  "Guyana": "Guyana",
  "Haiti": "Haiti",
  "Holy See": "Vatican",
  "Honduras": "Honduras",
  "Hungary": "Hungary",
  "Iceland": "Iceland",
  "India": "India",
  "Indonesia": "Indonesia",
  "Iran (Islamic Republic of)": "Iran",
  "Iraq": "Iraq",
  "Ireland": "Ireland",
  "Isle of Man": "Isle of Man",
  "Israel": "Israel",
  "Italy": "Italy",
  "Jamaica": "Jamaica",
  "Japan": "Japan",
  "Jordan": "Jordan",
  "Kazakhstan": "Kazakhstan",
  "Kenya": "Kenya",
  "Kiribati": "Kiribati",
  "Kuwait": "Kuwait",
  "Kyrgyzstan": "Kyrgyzstan",
  "Lao People's Democratic Republic": "Laos",
  "Latvia": "Latvia",
  "Lebanon": "Lebanon",
  "Lesotho": "Lesotho",
  "Liberia": "Liberia",
  "Libya": "Libya",
  "Liechtenstein": "Liechtenstein",
  "Lithuania": "Lithuania",
  "Luxembourg": "Luxembourg",
  "Madagascar": "Madagascar",
  "Malawi": "Malawi",
  "Malaysia": "Malaysia",
  "Maldives": "Maldives",
  "Mali": "Mali",
  "Malta": "Malta",
  "Marshall Islands": "Marshall Islands",
  "Martinique": "Martinique",
  "Mauritania": "Mauritania",
  "Mauritius": "Mauritius",
  "Mayotte": "Mayotte",
  "Mexico": "Mexico",
  "Micronesia (Federated States of)": "Micronesia (country)",
  "Monaco": "Monaco",
  "Mongolia": "Mongolia",
  "Montenegro": "Montenegro",
  "Morocco": "Morocco",
  "Mozambique": "Mozambique",
  "Myanmar": "Myanmar",
  "Namibia": "Namibia",
  "Nauru": "Nauru",
  "Nepal": "Nepal",
  "Netherlands (Kingdom of the)": "Netherlands",
  "New Caledonia": "New Caledonia",
  "New Zealand": "New Zealand",
  "Nicaragua": "Nicaragua",
  "Niger": "Niger",
  "Nigeria": "Nigeria",
  "Niue": "Niue",
  "North Macedonia": "North Macedonia",
  "Northern Mariana Islands": "Northern Mariana Islands",
  "Norway": "Norway",
  "Oman": "Oman",
  "Pakistan": "Pakistan",
  "Palau": "Palau",
  "Panama": "Panama",
  "Papua New Guinea": "Papua New Guinea",
  "Paraguay": "Paraguay",
  "Peru": "Peru",
  "Philippines": "Philippines",
  "Poland": "Poland",
  "Portugal": "Portugal",
  "Puerto Rico": "Puerto Rico",
  "Qatar": "Qatar",
  "Republic of Korea": "South Korea",
  "Republic of Moldova": "Moldova",
  "Romania": "Romania",
  "Russian Federation": "Russia",
  "Rwanda": "Rwanda",
  "R\u00e9union": "Reunion",
  "Saint Kitts and Nevis": "Saint Kitts and Nevis",
  "Saint Lucia": "Saint Lucia",
  "Saint Martin (French part)": "Saint Martin (French part)",
  "Saint Vincent and the Grenadines": "Saint Vincent and the Grenadines",
  "Samoa": "Samoa",
  "Sao Tome and Principe": "Sao Tome and Principe",
  "Saudi Arabia": "Saudi Arabia",
  "Senegal": "Senegal",
  "Serbia": "Serbia",
  "Seychelles": "Seychelles",
  "Sierra Leone": "Sierra Leone",
  "Singapore": "Singapore",
  "Slovakia": "Slovakia",
  "Slovenia": "Slovenia",
  "Solomon Islands": "Solomon Islands",
  "Somalia": "Somalia",
  "South Africa": "South Africa",
  "South Sudan": "South Sudan",
  "Spain": "Spain",
  "Sri Lanka": "Sri Lanka",
  "State of Palestine": "Palestine",
  "Sudan": "Sudan",
  "Suriname": "Suriname",
  "Sweden": "Sweden",
  "Switzerland": "Switzerland",
  "Syrian Arab Republic": "Syria",
  "Tajikistan": "Tajikistan",
  "Thailand": "Thailand",
  "Timor-Leste": "East Timor",
  "Togo": "Togo",
  "Tonga": "Tonga",
  "Trinidad and Tobago": "Trinidad and Tobago",
  "Tunisia": "Tunisia",
  "Turkmenistan": "Turkmenistan",
  "Turks and Caicos Islands": "Turks and Caicos Islands",
  "Tuvalu": "Tuvalu",
  "T\u00fcrkiye": "Turkey",
  "Uganda": "Uganda",
  "Ukraine": "Ukraine",
  "United Arab Emirates": "United Arab Emirates",
  "United Kingdom": "United Kingdom",
  "United Republic of Tanzania": "Tanzania",
  "United States": "United States",
  "Uruguay": "Uruguay",
  "Uzbekistan": "Uzbekistan",
  "Vanuatu": "Vanuatu",
  "Venezuela (Bolivarian Republic of)": "Venezuela",
  "Viet Nam": "Vietnam",
  "World": "World",
  "Yemen": "Yemen",
  "Zambia": "Zambia",
  "Zimbabwe": "Zimbabwe",
  "Africa (WHO regions)": "Africa (WHO)",
  "Americas (UNSDG)": "Americas (UN M49)",
  "Americas (WHO regions)": "Americas (WHO)",
  "China, Hong Kong Special Administrative Region": "Hong Kong",
  "China, Macao Special Administrative Region": "Macao",
  "China, Taiwan Province of China": "Taiwan",
  "East Asia and Pacific (World Bank regions)": "East Asia and Pacific (WB)",
  "Eastern Mediterranean (WHO regions)": "Eastern Mediterranean (WHO)",
  "Eastern and South-Eastern Asia (UNSDG)": "Eastern and South-Eastern Asia (UN SDG)",
  "Kosovo (UNSCR 1244)": "Kosovo",
  "Melanesia (UNSDG)": "Melanesia (UN M49)",
  "Sint Maarten": "Sint Maarten (Dutch part)",
  "South-eastern Asia (UNSDG)": "South-eastern Asia (UN M49)",
  "Southern Africa (UNSDG)": "Southern Africa (UN M49)",
  "Sub-Saharan Africa (World Bank regions)": "Sub-Saharan Africa (WB)",
  "Virgin Islands U.S.": "United States Virgin Islands",
  "Western Pacific (WHO regions)": "Western Pacific (WHO)",
  "Eastern Africa (UNSDG)": "Eastern Africa (UN M49)",
  "Eastern Asia (UNSDG)": "Eastern Asia (UN M49)",
  "Latin America and the Caribbean (World Bank regions)": "Latin America and Caribbean (WB)",
  "Middle Africa (UNSDG)": "Middle Africa (UN M49)",
  "Middle East and North Africa (World Bank regions)": "Middle East, North Africa, Afghanistan and Pakistan (WB)",
  "North America (World Bank regions)": "North America (WB)",
  "Northern America (UNSDG)": "Northern America (UN M49)",
  "Northern Europe (UNSDG)": "Northern Europe (UN M49)",
  "South America (UNSDG)": "South America (UN M49)",
  "South Asia (World Bank regions)": "South Asia (WB)",
  "Europe (WHO regions)": "Europe (WHO)",
  "Western Europe (UNSDG)": "Western Europe (UN M49)",
  "Western Africa (UNSDG)": "Western Africa (UN M49)",
  "Asia (UNSDG)": "Asia (UN M49)",
  "World Bank (lower middle income)": "Lower-middle-income countries",
  "World Bank (upper middle income)": "Upper-middle-income countries",
  "Caribbean (UNSDG)": "Caribbean (UN M49)",
  "Central and Southern Asia (UNSDG)": "Central and Southern Asia (UN SDG)",
  "Oceania (UNSDG)": "Oceania (UN M49)",
  "World Bank (high income)": "High-income countries",
  "Polynesia (UNSDG)": "Polynesia (UN M49)",
  "South-East Asia (WHO regions)": "South-East Asia (WHO)",
  "Small island developing States (SIDS) (UNSDG)": "Small island developing States (SIDS)",
  "Europe (UNSDG)": "Europe (UN M49)",
  "Europe and Northern America (UNSDG)": "Europe and Northern America (UN SDG)",
  "Eastern Europe (UNSDG)": "Eastern Europe (UN M49)",
  "Africa (UNSDG)": "Africa (UN M49)",
  "Oceania (exc. Australia and New Zealand) (UNSDG)": "Oceania (UN SDG)",
  "Central America (UNSDG)": "Central America (UN M49)",
  "Landlocked developing countries (LLDC) (UNSDG)": "Landlocked developing countries (LLDC)",
  "Southern Asia (UNSDG)": "Southern Asia (UN M49)",
  "Northern Africa (UNSDG)": "Northern Africa (UN M49)",
  "Australia and New Zealand (UNSDG)": "Australia and New Zealand (UN SDG)",
  "World Bank (low income)": "Low-income countries",
  "Western Asia (UNSDG)": "Western Asia (UN M49)",
  "Micronesia (UNSDG)": "Micronesia (UN M49)",
  "Central Asia (UNSDG)": "Central Asia (UN M49)",
  "Least Developed Countries (LDC) (UNSDG)": "Least Developed Countries (LDC)",
  "Latin America and the Caribbean (UNSDG)": "Latin America and the Caribbean (UN SDG)",
  "Northern Africa and Western Asia (UNSDG)": "Northern Africa and Western Asia (UN SDG)",
  "Sub-Saharan Africa (UNSDG)": "Sub-Saharan Africa (UN SDG)",
  "Southern Europe (UNSDG)": "Southern Europe (UN M49)"
}
