{
  "Afghanistan": "Afghanistan",
  "Albania": "Albania",
  "Algeria": "Algeria",
  "American Samoa": "American Samoa",
  "Andorra": "Andorra",
  "Angola": "Angola",
  "Anguilla": "Anguilla",
  "Antarctica": "Antarctica",
  "Antigua and Barbuda": "Antigua and Barbuda",
  "Argentina": "Argentina",
  "Armenia": "Armenia",
  "Aruba": "Aruba",
  "Australia": "Australia",
  "Austria": "Austria",
  "Azerbaijan": "Azerbaijan",
  "Åland Islands": "Aland Islands",
  "Bahamas": "Bahamas",
  "Bahrain": "Bahrain",
  "Bangladesh": "Bangladesh",
  "Barbados": "Barbados",
  "Belarus": "Belarus",
  "Belgium": "Belgium",
  "Belize": "Belize",
  "Benin": "Benin",
  "Bermuda": "Bermuda",
  "Bhutan": "Bhutan",
  "Bolivia (Plurinational State of)": "Bolivia",
  "Bonaire, Sint Eustatius and Saba": "Bonaire Sint Eustatius and Saba",
  "Bosnia and Herzegovina": "Bosnia and Herzegovina",
  "Botswana": "Botswana",
  "Brazil": "Brazil",
  "British Virgin Islands": "British Virgin Islands",
  "Brunei Darussalam": "Brunei",
  "Bulgaria": "Bulgaria",
  "Burkina Faso": "Burkina Faso",
  "Burundi": "Burundi",
  "Cabo Verde": "Cape Verde",
  "Cambodia": "Cambodia",
  "Cameroon": "Cameroon",
  "Canada": "Canada",
  "Cayman Islands": "Cayman Islands",
  "Central African Republic": "Central African Republic",
  "Chad": "Chad",
  "Channel Islands": "Channel Islands",
  "Chile": "Chile",
  "China (excluding Hong Kong & Macao)": "China",
  "China, Hong Kong SAR": "Hong Kong",
  "China, Macao SAR": "Macao",
  "China, Taiwan Province of": "Taiwan",
  "China, mainland": "China",
  "Christmas Island": "Christmas Island",
  "Cocos (Keeling) Islands": "Cocos Islands",
  "Colombia": "Colombia",
  "Comoros": "Comoros",
  "Congo": "Congo",
  "Cook Islands": "Cook Islands",
  "Costa Rica": "Costa Rica",
  "Croatia": "Croatia",
  "Cuba": "Cuba",
  "Cura\u00e7ao": "Curacao",
  "Cyprus": "Cyprus",
  "Czechia": "Czechia",
  "Czechoslovakia": "Czechoslovakia",
  "C\u00f4te d'Ivoire": "Cote d'Ivoire",
  "Democratic People's Republic of Korea": "North Korea",
  "Democratic Republic of the Congo": "Democratic Republic of Congo",
  "Denmark": "Denmark",
  "Djibouti": "Djibouti",
  "Dominica": "Dominica",
  "Dominican Republic": "Dominican Republic",
  "Ecuador": "Ecuador",
  "Egypt": "Egypt",
  "El Salvador": "El Salvador",
  "Equatorial Guinea": "Equatorial Guinea",
  "Eritrea": "Eritrea",
  "Estonia": "Estonia",
  "Eswatini": "Eswatini",
  "Ethiopia": "Ethiopia",
  "Ethiopia PDR": "Eritrea and Ethiopia",
  "Falkland Islands (Malvinas)": "Falkland Islands",
  "Faroe Islands": "Faeroe Islands",
  "Fiji": "Fiji",
  "Finland": "Finland",
  "France": "France",
  "French Guyana": "French Guiana",
  "French Polynesia": "French Polynesia",
  "French Southern Territories": "French Southern Territories",
  "Gabon": "Gabon",
  "Gambia": "Gambia",
  "Gaza Strip (Palestine)": "Gaza Strip",
  "Georgia": "Georgia",
  "Germany": "Germany",
  "Ghana": "Ghana",
  "Gibraltar": "Gibraltar",
  "Greece": "Greece",
  "Greenland": "Greenland",
  "Grenada": "Grenada",
  "Guadeloupe": "Guadeloupe",
  "Guam": "Guam",
  "Guatemala": "Guatemala",
  "Guernsey": "Guernsey",
  "Guinea": "Guinea",
  "Guinea-Bissau": "Guinea-Bissau",
  "Guyana": "Guyana",
  "Haiti": "Haiti",
  "Heard and McDonald Islands": "Heard Island and McDonald Islands",
  "Holy See": "Vatican",
  "Honduras": "Honduras",
  "Hungary": "Hungary",
  "Iceland": "Iceland",
  "India": "India",
  "Indonesia": "Indonesia",
  "Iran (Islamic Republic of)": "Iran",
  "Iraq": "Iraq",
  "Ireland": "Ireland",
  "Isle of Man": "Isle of Man",
  "Israel": "Israel",
  "Italy": "Italy",
  "Jamaica": "Jamaica",
  "Japan": "Japan",
  "Jersey": "Jersey",
  "Jordan": "Jordan",
  "Kazakhstan": "Kazakhstan",
  "Kenya": "Kenya",
  "Kiribati": "Kiribati",
  "Kuwait": "Kuwait",
  "Kyrgyzstan": "Kyrgyzstan",
  "Lao People's Democratic Republic": "Laos",
  "Latvia": "Latvia",
  "Lebanon": "Lebanon",
  "Lesotho": "Lesotho",
  "Liberia": "Liberia",
  "Libya": "Libya",
  "Liechtenstein": "Liechtenstein",
  "Lithuania": "Lithuania",
  "Luxembourg": "Luxembourg",
  "Madagascar": "Madagascar",
  "Malawi": "Malawi",
  "Malaysia": "Malaysia",
  "Maldives": "Maldives",
  "Mali": "Mali",
  "Malta": "Malta",
  "Marshall Islands": "Marshall Islands",
  "Martinique": "Martinique",
  "Mauritania": "Mauritania",
  "Mauritius": "Mauritius",
  "Mayotte": "Mayotte",
  "Melanesia": "Melanesia",
  "Mexico": "Mexico",
  "Micronesia (Federated States of)": "Micronesia (country)",
  "Monaco": "Monaco",
  "Mongolia": "Mongolia",
  "Montenegro": "Montenegro",
  "Montserrat": "Montserrat",
  "Morocco": "Morocco",
  "Mozambique": "Mozambique",
  "Myanmar": "Myanmar",
  "Namibia": "Namibia",
  "Nauru": "Nauru",
  "Nepal": "Nepal",
  "Netherlands": "Netherlands",
  "Netherlands Antilles (former)": "Netherlands Antilles",
  "New Caledonia": "New Caledonia",
  "New Zealand": "New Zealand",
  "Nicaragua": "Nicaragua",
  "Niger": "Niger",
  "Nigeria": "Nigeria",
  "Niue": "Niue",
  "Norfolk Island": "Norfolk Island",
  "North Macedonia": "North Macedonia",
  "Northern Mariana Islands": "Northern Mariana Islands",
  "Norway": "Norway",
  "Oman": "Oman",
  "Pakistan": "Pakistan",
  "Palau": "Palau",
  "Palestine": "Palestine",
  "Panama": "Panama",
  "Papua New Guinea": "Papua New Guinea",
  "Paraguay": "Paraguay",
  "Peru": "Peru",
  "Philippines": "Philippines",
  "Pitcairn": "Pitcairn",
  "Poland": "Poland",
  "Polynesia": "Polynesia",
  "Portugal": "Portugal",
  "Puerto Rico": "Puerto Rico",
  "Qatar": "Qatar",
  "Republic of Korea": "South Korea",
  "Republic of Moldova": "Moldova",
  "Romania": "Romania",
  "Russian Federation": "Russia",
  "Rwanda": "Rwanda",
  "R\u00e9union": "Reunion",
  "Saint Barth\u00e9lemy": "Saint Barthlemy",
  "Saint Helena, Ascension and Tristan da Cunha": "Saint Helena",
  "Saint Kitts and Nevis": "Saint Kitts and Nevis",
  "Saint Lucia": "Saint Lucia",
  "Saint Pierre and Miquelon": "Saint Pierre and Miquelon",
  "Saint Vincent and the Grenadines": "Saint Vincent and the Grenadines",
  "Saint-Martin (French part)": "Saint Martin (French part)",
  "Samoa": "Samoa",
  "San Marino": "San Marino",
  "Sao Tome and Principe": "Sao Tome and Principe",
  "Saudi Arabia": "Saudi Arabia",
  "Senegal": "Senegal",
  "Serbia": "Serbia",
  "Serbia and Montenegro": "Serbia and Montenegro",
  "Seychelles": "Seychelles",
  "Sierra Leone": "Sierra Leone",
  "Singapore": "Singapore",
  "Sint Maarten (Dutch part)": "Sint Maarten (Dutch part)",
  "Slovakia": "Slovakia",
  "Slovenia": "Slovenia",
  "Solomon Islands": "Solomon Islands",
  "Somalia": "Somalia",
  "South Africa": "South Africa",
  "South Georgia and the South Sandwich Islands": "South Georgia and the South Sandwich Islands",
  "South Sudan": "South Sudan",
  "Spain": "Spain",
  "Sri Lanka": "Sri Lanka",
  "Sudan": "Sudan",
  "Sudan (former)": "Sudan (former)",
  "Suriname": "Suriname",
  "Svalbard and Jan Mayen Islands": "Svalbard and Jan Mayen",
  "Sweden": "Sweden",
  "Switzerland": "Switzerland",
  "Syrian Arab Republic": "Syria",
  "Tajikistan": "Tajikistan",
  "Thailand": "Thailand",
  "Timor-Leste": "Timor",
  "Togo": "Togo",
  "Tokelau": "Tokelau",
  "Tonga": "Tonga",
  "Trinidad and Tobago": "Trinidad and Tobago",
  "Tunisia": "Tunisia",
  "Türkiye": "Turkey",
  "Turkmenistan": "Turkmenistan",
  "Turks and Caicos Islands": "Turks and Caicos Islands",
  "Tuvalu": "Tuvalu",
  "USSR": "USSR",
  "Uganda": "Uganda",
  "Ukraine": "Ukraine",
  "United Arab Emirates": "United Arab Emirates",
  "United Kingdom of Great Britain and Northern Ireland": "United Kingdom",
  "United Republic of Tanzania": "Tanzania",
  "United States Minor Outlying Islands": "United States Minor Outlying Islands",
  "United States Virgin Islands": "United States Virgin Islands",
  "United States of America": "United States",
  "Uruguay": "Uruguay",
  "Uzbekistan": "Uzbekistan",
  "Vanuatu": "Vanuatu",
  "Venezuela (Bolivarian Republic of)": "Venezuela",
  "Viet Nam": "Vietnam",
  "Wallis and Futuna Islands": "Wallis and Futuna",
  "Western Sahara": "Western Sahara",
  "World": "World",
  "Yemen": "Yemen",
  "Yugoslav SFR": "Yugoslavia",
  "Zambia": "Zambia",
  "Zimbabwe": "Zimbabwe",
  "Africa": "Africa (FAO)",
  "Americas": "Americas (FAO)",
  "Asia": "Asia (FAO)",
  "Belgium-Luxembourg": "Belgium-Luxembourg (FAO)",
  "Caribbean": "Caribbean (FAO)",
  "Central America": "Central America (FAO)",
  "Central Asia": "Central Asia (FAO)",
  "China": "China (FAO)",
  "Developed regions (Europe, Cyprus, Israel, Northern America, Japan, Australia & New Zealand)": "Developed regions (FAO)",
  "Developing regions": "Developing regions (FAO)",
  "Eastern Africa": "Eastern Africa (FAO)",
  "Eastern Asia": "Eastern Asia (FAO)",
  "Eastern Asia and South-eastern Asia": "Eastern Asia and South-eastern Asia (FAO)",
  "Eastern Europe": "Eastern Europe (FAO)",
  "Europe": "Europe (FAO)",
  "European Union (27)": "European Union (27) (FAO)",
  "High-income economies": "High-income economies (FAO)",
  "Land Locked Developing Countries": "Land Locked Developing Countries (FAO)",
  "Latin America and the Caribbean": "Latin America and the Caribbean (FAO)",
  "Least Developed Countries": "Least Developed Countries (FAO)",
  "Low Income Food Deficit Countries": "Low Income Food Deficit Countries (FAO)",
  "Low income economies": "Low income economies (FAO)",
  "Lower-middle-income economies": "Lower-middle-income economies (FAO)",
  "Melanesia (excluding intra-trade)": "Melanesia (excluding intra-trade) (FAO)",
  "Micronesia": "Micronesia (FAO)",
  "Middle Africa": "Middle Africa (FAO)",
  "Midway Island": "Midway Island (FAO)",
  "Net Food Importing Developing Countries": "Net Food Importing Developing Countries (FAO)",
  "Northern Africa": "Northern Africa (FAO)",
  "Northern America": "Northern America (FAO)",
  "Northern America and Europe": "Northern America and Europe (FAO)",
  "Northern Europe": "Northern Europe (FAO)",
  "OECD": "OECD (FAO)",
  "Oceania": "Oceania (FAO)",
  "Small Island Developing States": "Small Island Developing States (FAO)",
  "South America": "South America (FAO)",
  "South-eastern Asia": "South-eastern Asia (FAO)",
  "Southern Africa": "Southern Africa (FAO)",
  "Southern Asia": "Southern Asia (FAO)",
  "Southern Europe": "Southern Europe (FAO)",
  "Sub-Saharan Africa": "Sub-Saharan Africa (FAO)",
  "Upper-middle-income economies": "Upper-middle-income economies (FAO)",
  "Wake Island": "Wake Island (FAO)",
  "Western Africa": "Western Africa (FAO)",
  "Western Asia": "Western Asia (FAO)",
  "Western Europe": "Western Europe (FAO)",
  "FAO Major Fishing Area: Atlantic, Eastern Central (14.4.1)": "Eastern Central Atlantic (FAO)",
  "FAO Major Fishing Area: Atlantic, Northeast (14.4.1)": "Northeast Atlantic (FAO)",
  "FAO Major Fishing Area: Atlantic, Northwest (14.4.1)": "Northwest Atlantic (FAO)",
  "FAO Major Fishing Area: Atlantic, Southeast (14.4.1)": "Southeast Atlantic (FAO)",
  "FAO Major Fishing Area: Atlantic, Southwest (14.4.1)": "Southwest Atlantic (FAO)",
  "FAO Major Fishing Area: Atlantic, Western Central (14.4.1)": "Western Central Atlantic (FAO)",
  "FAO Major Fishing Area: Indian Ocean, Eastern (14.4.1)": "Eastern Indian Ocean (FAO)",
  "FAO Major Fishing Area: Indian Ocean, Western (14.4.1)": "Western Indian Ocean (FAO)",
  "FAO Major Fishing Area: Mediterranean and Black Sea (14.4.1)": "Mediterranean and Black Sea (FAO)",
  "FAO Major Fishing Area: Pacific, Eastern Central (14.4.1)": "Eastern Central Pacific (FAO)",
  "FAO Major Fishing Area: Pacific, Northeast (14.4.1)": "Northeast Pacific (FAO)",
  "FAO Major Fishing Area: Pacific, Northwest (14.4.1)": "Northwest Pacific (FAO)",
  "FAO Major Fishing Area: Pacific, Southeast (14.4.1)": "Southeast Pacific (FAO)",
  "FAO Major Fishing Area: Pacific, Southwest (14.4.1)": "Southwest Pacific (FAO)",
  "FAO Major Fishing Area: Pacific, Western Central (14.4.1)": "Western Central Pacific (FAO)"
}
