[
  "Abalak",
  "Abalakamenokal",
  "Abalakn Wala",
  "Abay",
  "Abengourou",
  "Abia",
  "Abidjan",
  "Abidjan City",
  "Aboisso",
  "Abomey",
  "Abomey Calavi",
  "Abuja",
  "Ab\u00e9ch\u00e9",
  "Acajutla",
  "Accra",
  "Accra/Tema",
  "Achham",
  "Adama",
  "Adamaoua",
  "Adamawa",
  "Addis Ababa",
  "Addis Ababa City",
  "Adzope",
  "Afar",
  "Agadez",
  "Agadir",
  "Agboville",
  "Aguadulce",
  "Aguascalientes",
  "Aguie (rural)",
  "Ahuachapan",
  "Aizawl",
  "Ajmer",
  "Akesu",
  "Akmola",
  "Aksu",
  "Aktau",
  "Aktobe",
  "Aktobe City",
  "Akwa Ibom",
  "Alajuela",
  "Alanje",
  "Alexandria",
  "Alfred Nzo",
  "Algeriers",
  "Almaty",
  "Almaty City",
  "Alta Verapaz",
  "Alto Paraguay",
  "Alto Parana",
  "Alwar",
  "Am Timan",
  "Amambay",
  "Amathole",
  "Amazonas",
  "Ambanja",
  "Ambatolampy",
  "Ambatondrazaka",
  "Ambilobe",
  "Ambon",
  "Ambositra",
  "Ambovombe",
  "Amdjarass",
  "Amhara",
  "Amnat Charoen",
  "Ampara",
  "Amritsar",
  "An Giang Province",
  "Anambra",
  "Ancash",
  "Andaman & Nicobar Islands",
  "Andasibe",
  "Andhra Pradesh",
  "Ang Thong",
  "Angeles",
  "Anhui",
  "Ankang",
  "Annaba",
  "Anse \u00e0 Veau",
  "Anshan",
  "Antalaha",
  "Antananarivo",
  "Antananarivo (Arrondisement 1)",
  "Antananarivo (Arrondisement 2)",
  "Antananarivo (Arrondisement 3)",
  "Antananarivo (Arrondisement 4)",
  "Antananarivo (Arrondisement 5)",
  "Antananarivo (Arrondisement 6)",
  "Antananarivo City",
  "Antioquia",
  "Antipolo",
  "Antsirabe",
  "Antsiranana",
  "Antsiranana City",
  "Antsohihy",
  "Ant\u00f3n",
  "Anuradhapura",
  "Anzoategui",
  "An\u00e9ho",
  "Apure",
  "Apurimac",
  "Aragua",
  "Arcahaie",
  "Arequipa",
  "Arghakhanchi",
  "Arlit",
  "Arraij\u00e1n",
  "Artemisa",
  "Artibonite",
  "Arua",
  "Arunachal Pradesh",
  "Ashanti",
  "Assam",
  "Assosa",
  "Assyout",
  "Astana",
  "Astana City",
  "Asuncion",
  "Aswan",
  "Atakpam\u00e9",
  "Atalaya",
  "Athens",
  "Ati",
  "Atlantico Norte",
  "Atlantico Sur",
  "Atlantique",
  "Attica",
  "Atyrau",
  "Atyrau City",
  "Auckland",
  "Autonomous Republic of Crimea",
  "Ayacucho",
  "Ayeyarwady Division",
  "Azuay",
  "BOULKIEMDE",
  "Ba Ria - Vung Tau Pro",
  "Bac Giang Province",
  "Bac Kan Province",
  "Bac Lieu Province",
  "Bac Ninh Province",
  "Bacolod",
  "Bacoor",
  "Badaguichiri",
  "Badakhshan",
  "Badghis",
  "Badulla",
  "Badung",
  "Bafoussam",
  "Bagerhat",
  "Baghlan",
  "Baglung",
  "Bago",
  "Bago City",
  "Baguio",
  "Bahirdar",
  "Bahri",
  "Baishan",
  "Baitadi",
  "Baja California",
  "Baja California Sur",
  "Baja Verapaz",
  "Bajhang",
  "Bajura",
  "Baku",
  "Balboa",
  "Bali",
  "Balkh",
  "Balkhash",
  "Balochistan",
  "Balti",
  "Balykchi",
  "Balykchy",
  "Bamako",
  "Bamaw",
  "Bambari",
  "Bamenda",
  "Bamyan",
  "Bandar Tun Razak",
  "Bandarbon",
  "Bandung",
  "Bandung Barat",
  "Banfora",
  "Bangalore",
  "Bangkok",
  "Bangladesh (national level)",
  "Bangui",
  "Bangula",
  "Banke",
  "Banswara",
  "Banteay Meanchey",
  "Bantul",
  "Banyuasin",
  "Banyumas",
  "Banyuwangi",
  "Baoding",
  "Baotou",
  "Bara",
  "Barahona",
  "Baranovichi",
  "Bardhman",
  "Bardiya",
  "Barima-Waini",
  "Barinas",
  "Baringo",
  "Barisal",
  "Barito Utara",
  "Barnaul",
  "Barquisimeto",
  "Barra",
  "Barranca",
  "Barrancabermeja",
  "Barranco district",
  "Barranquilla",
  "Bar\u00fa",
  "Bas Congo",
  "Bassar",
  "Basseterre",
  "Batam",
  "Batang",
  "Batangas",
  "Bathinda",
  "Batken",
  "Battambang",
  "Batticaloa",
  "Batumi",
  "Baucau",
  "Bauchi",
  "Bayelsa",
  "Beaufort West",
  "Behera",
  "Beijing",
  "Beira",
  "Beirut",
  "Beitbridge",
  "Bekasi",
  "Belgaum",
  "Belgrade",
  "Bellary",
  "Belo Horizonte",
  "Belo/tsiribihina",
  "Ben Tre Province",
  "Benapole",
  "Benguela",
  "Beni-Suef",
  "Bentong",
  "Benue",
  "Berberati",
  "Berlin",
  "Bertoua",
  "Besiko",
  "Bhaktapur",
  "Bhamo",
  "Bhojpur",
  "Bhola",
  "Bhopal",
  "Bhubaneshwar",
  "Bihar",
  "Bila Tserkva",
  "Bilaspur",
  "Bilwi",
  "Bindura",
  "Binh Dinh Province",
  "Binh Duong Province",
  "Binh Phuoc Province",
  "Binh Thuan Province",
  "Bintan",
  "Bishkek",
  "Bishkek City",
  "Bishnupur",
  "Bissor\u00e3",
  "Bittou",
  "Bitung",
  "Biysk",
  "Black River",
  "Blagoevgrad",
  "Blantyre City",
  "Blantyre Lilongwe",
  "Bloemfontein",
  "Blue Nile",
  "Bluefields",
  "Bo",
  "Boali",
  "Bobo-Dioulasso",
  "Bobonaro",
  "Bobonong",
  "Bobruisk",
  "Bobruisk (Lida)",
  "Bocas de Toro town",
  "Bocas del Toro",
  "Bogor",
  "Bogot\u00e1",
  "Bogra",
  "Bohicon",
  "Bojanala",
  "Bokeo",
  "Bok\u00e9",
  "Bolivar",
  "Bol\u00edvar",
  "Bombali",
  "Bomet",
  "Bomi",
  "Bondo",
  "Bondoukou",
  "Bonduku",
  "Bong",
  "Bongaon",
  "Bongor",
  "Bongouanou",
  "Boqueron",
  "Boquer\u00f3n",
  "Boquete",
  "Bordelais Correctional Facility",
  "Borgona",
  "Borisov",
  "Borisov (Mozyr)",
  "Borno",
  "Bossangoa",
  "Bossaso",
  "Bouafl\u00e9",
  "Bouak\u00e9",
  "Bouar",
  "Boucle du Mouhoun",
  "Bouna",
  "Boundiali",
  "Bouza",
  "Brahmanbaria",
  "Brazil (national level)",
  "Brazzaville",
  "Brest",
  "Brest City",
  "British Columbia",
  "Brong-Ahafo",
  "Bucaramanga",
  "Bucharest",
  "Bucharest City",
  "Buea",
  "Buenos Aires",
  "Buffalo City",
  "Bugaba",
  "Bujumbura",
  "Bukavu",
  "Bulawayo",
  "Buleleng",
  "Bungoma",
  "Burgas",
  "Buri Ram",
  "Burimari",
  "Busia",
  "Butuan",
  "Buvuma",
  "Bvumbwe",
  "Byanzi",
  "CKGR",
  "CU Tanout",
  "Ca Mau Province",
  "Caaguazu",
  "Caazapa",
  "Cabanas",
  "Cabaret",
  "Cagayan de Oro",
  "Cairo",
  "Cairo-Guiza",
  "Cajamarca",
  "Cali",
  "Callao",
  "Calobre",
  "Caloocan",
  "Camaguey",
  "Campeche",
  "Campinas",
  "Campo Grande",
  "Can Tho City",
  "Canar",
  "Canindeyu",
  "Cao Bang Province",
  "Cap-Haitien",
  "Cape Coast",
  "Cape Coast/Takoradi",
  "Cape Town",
  "Capira",
  "Capricorn",
  "Carabobo",
  "Caracas",
  "Carazo",
  "Carchi",
  "Carnot",
  "Carrefour",
  "Cartagena",
  "Cartago",
  "Casablanca",
  "Cascades",
  "Catamarca",
  "Cayes",
  "Ca\u00f1azas",
  "Cebu",
  "Cebu province",
  "Central",
  "Central Coast",
  "Central Province",
  "Centre",
  "Centre-Est",
  "Centre-Nord",
  "Centre-Ouest",
  "Centre-Sud",
  "Cermicol",
  "Cerro de Pasco",
  "Chachoengsao",
  "Chagres",
  "Chai Nat",
  "Chaiyaphum",
  "Chalatenango",
  "Chame",
  "Champasak",
  "Chandigarh",
  "Chandigarh U.T.",
  "Chandpur",
  "Changchun",
  "Changde",
  "Changsha",
  "Changuinola",
  "Chanthaburi",
  "Chaoyang",
  "Chapai Nawabganj",
  "Char Norendrapur",
  "Chelyabinsk",
  "Chelyabinsk region",
  "Chengdu",
  "Chennai",
  "Chepigana",
  "Chepo",
  "Cherkasy",
  "Cherkasy City",
  "Chernigiv City",
  "Chernihiv",
  "Chernivtsi City",
  "Chernivtsy",
  "Chervonograd",
  "Chhatarpur",
  "Chhattisgarh",
  "Chiang Mai",
  "Chiang Rai",
  "Chiapas",
  "Chicago",
  "Chichiri (Blantyre)",
  "Chihuahua",
  "Chikwawa",
  "Chililabombwe",
  "Chimaltenango",
  "Chimborazo",
  "Chimbote",
  "Chim\u00e1n",
  "Chinandega",
  "Chincha",
  "Chingola",
  "Chinhoyi",
  "Chinsali",
  "Chipata",
  "Chipinge",
  "Chiquimula",
  "Chiradzulu",
  "Chiredzi",
  "Chiriqui",
  "Chiriqu\u00ed Grande",
  "Chirundu",
  "Chisinau",
  "Chitipa",
  "Chitr\u00e9",
  "Chittagong",
  "Chittoor",
  "Chitungwiza",
  "Chitwan",
  "Chivhu",
  "Choluteca",
  "Choma",
  "Chon Buri",
  "Chongqing",
  "Chongwe",
  "Chontales",
  "Choua Danga",
  "Christchurch",
  "Chuka",
  "Chumphon",
  "Churachandpur",
  "Churu",
  "Chuy",
  "Ciamis",
  "Cianjur",
  "Ciego de Avila",
  "Cienfuegos",
  "Cilegon",
  "Cinkass\u00e9",
  "Cirebon",
  "City Kutaisi",
  "City Poti",
  "City Rustavi",
  "Ciudad Guayana",
  "Ciudad de Barrios",
  "Ciudad de Cochabamba",
  "Ciudad de La Paz",
  "Ciudad de Neilly",
  "Ciudad de Panam\u00e1",
  "Ciudad de Santa Cruz",
  "Ciudad de la Habana",
  "Cneristar/Bangui",
  "Coahuila",
  "Coast",
  "Coatepeque",
  "Cob\u00e1n",
  "Cochabmaba",
  "Cocle",
  "Coimbatore",
  "Cojedes",
  "Colima",
  "Cologne",
  "Colombo",
  "Colon",
  "Colon City",
  "Comarca Kula Yala",
  "Comayagua",
  "Comilla",
  "Commune Niamey 1",
  "Commune Niamey 2",
  "Commune Niamey 3",
  "Commune Niamey 4",
  "Commune Niamey 5",
  "Commune Tahoua 1",
  "Commune Tahoua 2",
  "Commune Zinder 1",
  "Commune Zinder 3",
  "Commune Zinder 4",
  "Conakry",
  "Concepcion",
  "Copperbelt",
  "Cordillera",
  "Corinto",
  "Corozal",
  "Corrientes",
  "Corumba",
  "Costa Atl\u00e1ntica",
  "Cotonou",
  "Cotopaxi",
  "Cova Lima",
  "Cox's Bazar",
  "Croix-des-Bouquets",
  "Cross River",
  "Curitiba",
  "Cuscatlan",
  "Cusco",
  "Cuyuni-Mazaruni",
  "C\u00e9maco",
  "C\u00f3rdoba",
  "C\u00facuta",
  "DALOA",
  "DKI Jakarta",
  "Da Nang Province",
  "Dabou",
  "Dadeldhura",
  "Dagoretti",
  "Dak Lak Province",
  "Dak Nong Province",
  "Dakahlia",
  "Dakar",
  "Dalian",
  "Damascus",
  "Damgaram Takaya",
  "Damietta",
  "Dan Barto",
  "Danane",
  "Dang",
  "Dangila",
  "Danli",
  "Dapaong",
  "Dar es Salaam",
  "Darchula",
  "Darien",
  "Darkhan",
  "Davao",
  "David",
  "Dawei",
  "Daykundi",
  "Dazhou",
  "Debretabor",
  "Dedza",
  "Deilekh",
  "Delhi",
  "Deli Serdang",
  "Delta",
  "Delta Amacuro",
  "Demerara-Mahaica",
  "Denpasar",
  "Dessie",
  "Deyang",
  "Dhading",
  "Dhaka",
  "Dhaka Narayanganj and Tongi",
  "Dhankuta",
  "Dhanusha",
  "Dharamapuri",
  "Dholpur",
  "Dien Bien Province",
  "Diffa",
  "Dili",
  "Dili City",
  "Dilla",
  "Dimapur",
  "Dimbokro",
  "Dinajpur",
  "Diourbel",
  "Dire Dawa",
  "Dire Dawa City",
  "Dirkou",
  "Distrito Federal",
  "Distrito Nacional",
  "Distrito capital",
  "Divo",
  "Divundu",
  "Djibouti-Ville",
  "Djoumane",
  "Dniprodzerzhynsk",
  "Dnipropetrovsk",
  "Dnipropetrovsk City",
  "Doba",
  "Dodoma",
  "Dogodogo",
  "Doguerawa",
  "Dolega",
  "Dolisie",
  "Dolkha",
  "Dolpa",
  "Domasi",
  "Donetsk",
  "Donetsk City",
  "Dong Nai Province",
  "Dong Thap Province",
  "Dongguan",
  "Donoso",
  "Dornod",
  "Dosso",
  "Doti",
  "Douala",
  "Doulatdia",
  "Dowa",
  "Dschang",
  "Duekou\u00e9",
  "Dungass",
  "Durango",
  "Durban",
  "Dushanbe",
  "Dushanbe City",
  "East Berbice-Corentyne",
  "East Godavari",
  "East Kazakhstan",
  "Eastern",
  "Eastern Cape",
  "Eastern Hills",
  "Eastern Kinshasa",
  "Eastern Province",
  "Eastern Terai",
  "Ebolowa",
  "Ebonyi",
  "Edo",
  "Ehlanzeni",
  "Ekaterinburg",
  "Ekhurhuleni",
  "Ekibastuz",
  "Ekiti",
  "El Alto",
  "El Gazira",
  "El Oro",
  "El Porvenir",
  "El Progreso",
  "El Triunfo",
  "Eldoret",
  "Emali",
  "Embakasi",
  "Embera",
  "Embu",
  "Engibara",
  "Enugu",
  "Escuintla",
  "Esmeraldas",
  "Esmeraldas City",
  "Essen",
  "Essequibo Islands-West Demerara",
  "Esteli",
  "FCT Abuja",
  "Fada",
  "Fada N'Gourma",
  "Faisalabad",
  "Faizabad",
  "Falc\u00f3n",
  "Far West Hills",
  "Farafangana",
  "Farafenni",
  "Farah",
  "Faranah",
  "Faridpur",
  "Faryab",
  "Fastiv",
  "Fatick",
  "Fayoum",
  "Fenerive Est",
  "Feni",
  "Fenote-Selam",
  "Fergana",
  "Fes",
  "Fianarantsoa",
  "Fianarantsoa City",
  "Firji (rural)",
  "Flacq",
  "Formosa",
  "Fort Portal",
  "Fort-Libert\u00e9",
  "Foshan",
  "Foulpointe",
  "Francistown",
  "Frankfurt",
  "Free State",
  "Freetown",
  "Fujian",
  "Fushun",
  "Fuyang",
  "Fuzhou",
  "G. Roumji (rural)",
  "Gaborone",
  "Gaborone City",
  "Gagnoa",
  "Gaibanda",
  "Galle",
  "Gambela City",
  "Gambella",
  "Gampaha",
  "Ganganagar",
  "Gangtok",
  "Gansu",
  "Gao",
  "Gaoua",
  "Garagoumsa",
  "Garissa",
  "Garoua",
  "Garut",
  "Gauteng",
  "Gazipur",
  "Gedaref",
  "Gemena",
  "General Santos",
  "Gert Sibande",
  "Ghanzi",
  "Gharbia",
  "Ghazni",
  "Ghor",
  "Gia Lai Province",
  "Gianyar",
  "Goa",
  "Gobabis",
  "Gokwe",
  "Goma",
  "Gombe",
  "Gomel",
  "Gomel City",
  "Gonaives",
  "Goodhope",
  "Gopalgonj",
  "Gori",
  "Gorkha",
  "Gour\u00e9",
  "Govisumber",
  "Gracias",
  "Gran \u00e1rea metropolitana",
  "Granada",
  "Grand Bassa",
  "Grand Bassam",
  "Grand Gedeh",
  "Grand Popo",
  "Grand Port",
  "Grande Riviere du Nord",
  "Granma",
  "Greater Accra",
  "Greater Banjul",
  "Greater Cairo",
  "Grodno",
  "Grodno City",
  "Grodno and Ostrowiec",
  "Grootfontein",
  "Guaira",
  "Gualaca",
  "Guanacaste",
  "Guanajuato",
  "Guangdong",
  "Guangxi",
  "Guangzhou",
  "Guantanamo",
  "Guarar\u00e9",
  "Guayaquil",
  "Guayas",
  "Guerrero",
  "Guidiguir",
  "Guidimouni",
  "Guigang",
  "Guilin",
  "Guiyang",
  "Guizhou",
  "Gujarat",
  "Gulmi",
  "Gulu",
  "Guna",
  "Guntur",
  "Gurdaspur",
  "Gu\u00e1rico",
  "Gwanda",
  "Gweru",
  "Ha Giang Province",
  "Ha Nam Province",
  "Ha Noi City",
  "Ha Tay Province",
  "Ha Tinh Province",
  "Hagen",
  "Hai Duong Province",
  "Hai Phong City",
  "Haikou",
  "Hainan",
  "Hambantota",
  "Hangzhou",
  "Hannover",
  "Harar",
  "Harare",
  "Harbin",
  "Hargeisa",
  "Haridwar",
  "Haryana",
  "Hau Giang Province",
  "Hauts-Bassins",
  "Hawasa",
  "Hebei",
  "Hefei",
  "Heilongjiang",
  "Helmand",
  "Henan",
  "Herat",
  "Heredia",
  "Herrera",
  "Hidalgo",
  "Highway",
  "Hili",
  "Himachal Pradesh",
  "Hinche",
  "Hinthada",
  "Ho Chi Minh City",
  "Hoa Binh Province",
  "Hobiganj",
  "Holguin",
  "Homa Bay",
  "Honghe",
  "Honiara",
  "Hpa-an",
  "Hpakant",
  "Huai'an",
  "Huancavelica",
  "Huancayo",
  "Huanuco",
  "Huaraz",
  "Hubei",
  "Hue",
  "Huehuetenango",
  "Huhehaote City",
  "Huhhot",
  "Huhuetenango",
  "Humla",
  "Hunan",
  "Hung Yen Province",
  "Hwange",
  "Hyderabad",
  "Ibohamane",
  "Ica",
  "Ica City",
  "Ihosy",
  "Ilakaka",
  "Ilam",
  "Ilama",
  "Illela",
  "Ilo",
  "Iloilo",
  "Imbabura",
  "Imbarra",
  "Imbituba",
  "Imo",
  "Imphal",
  "Imus",
  "Indore",
  "Inner Mongolia",
  "Iquitos",
  "Irkutsk",
  "Irkutsk region",
  "Isfara",
  "Ishwardi",
  "Isiolo",
  "Isla de la Juventud",
  "Islampur",
  "Ismailia",
  "Issia",
  "Istaravshan",
  "Itajai",
  "Itapua",
  "Ivano-Frankivsk",
  "Ivano-Frankivsk City",
  "Ivanovo region",
  "Izabal",
  "Jacmel",
  "Jaffna",
  "Jaipurhat",
  "Jajarkot",
  "Jakarta - Depok",
  "Jakarta Raya",
  "Jalal-Abad",
  "Jalal-Abad City",
  "Jalalabad",
  "Jalapa",
  "Jalisco",
  "Jalpaiguri",
  "Jamalpur",
  "Jammu & Kashmir",
  "Jawa Barat",
  "Jawa Tengah",
  "Jawa Timur",
  "Jawzjan",
  "Jayapura",
  "Jayawijaya",
  "Jember",
  "Jengka",
  "Jessore",
  "Jezkazgan",
  "Jhalakati",
  "Jhapa",
  "Jharkhand",
  "Jhenaidah",
  "Jiamusi",
  "Jiangsu",
  "Jiangxi",
  "Jiangyou",
  "Jigawa",
  "Jigjiga",
  "Jihocesky",
  "Jihomoravsky",
  "Jilin",
  "Jilin City",
  "Jinan",
  "Jingzhou",
  "Jinja",
  "Jinotega",
  "Jiujiang",
  "Jizzakh",
  "Jodhpur",
  "Johannesburg",
  "Johor",
  "Juba",
  "Juigalpa",
  "Juliaca",
  "Jumla",
  "Junin",
  "Jutiapa",
  "Juticalpa",
  "Jwaneng",
  "J\u00e9r\u00e9mie",
  "KADIOGO",
  "KORHOGO",
  "Kabhrepalanchowk",
  "Kabul",
  "Kabwe",
  "Kachere",
  "Kachin State",
  "Kadoma",
  "Kaduna",
  "Kafr-El-Sheikh",
  "Kafue",
  "Kailali",
  "Kaiyuan",
  "Kajiado",
  "Kakamega",
  "Kakhovka",
  "Kalasin",
  "Kalay",
  "Kalemie",
  "Kalikot",
  "Kaluthara",
  "Kalyoubia",
  "Kamchatka peninsula",
  "Kamfinsa",
  "Kampala",
  "Kamphaeng Phet",
  "Kampong Cham",
  "Kampong Chhnang",
  "Kampong Som",
  "Kampong Speu",
  "Kampong Thom",
  "Kampot",
  "Kamukunji",
  "Kananga",
  "Kanchanaburi",
  "Kanchanpur",
  "Kandahar",
  "Kandal",
  "Kandy",
  "Kankan",
  "Kankint\u00fa",
  "Kano",
  "Kanpur",
  "Kanshat",
  "Kantch\u00e9",
  "Kante",
  "Kaolack",
  "Kapenguria",
  "Kapilbastu",
  "Kapiri Mposhi",
  "Kapisa",
  "Kapurthala",
  "Kara",
  "Kara-Balta",
  "Karachi",
  "Karaganda",
  "Karagandy",
  "Karakol",
  "Karasuu",
  "Karawang",
  "Kariba",
  "Karimnagar",
  "Karlovarsky",
  "Karnataka",
  "Karonga",
  "Karuri",
  "Kasane",
  "Kasarani",
  "Kaski",
  "Kassala",
  "Kasungu",
  "Katanga",
  "Kathmandu",
  "Kathmandu Valley",
  "Katima Mulilo",
  "Katiola",
  "Katsina",
  "Katutura",
  "Kavre",
  "Kawthaung",
  "Kayah State",
  "Kayes",
  "Kayin State",
  "Kazan",
  "Kebbi",
  "Kedah",
  "Kedougou",
  "Keetmanshoop",
  "Kegalle",
  "Keita",
  "Kelantan",
  "Kelo",
  "Kenema",
  "Kengtung",
  "Kerala",
  "Kericho",
  "Kerugoya Kutus",
  "Khabarovsk region",
  "Khagrachari",
  "Khanh Hoa Province",
  "Kharkiv",
  "Kharkiv City",
  "Khartoum",
  "Khentii",
  "Kherson",
  "Kherson City",
  "Khmel'nytskyi",
  "Khmelnytskyi City",
  "Khodjent",
  "Khon Kaen",
  "Khorog",
  "Khost",
  "Khotang",
  "Khujand",
  "Khulna",
  "Khuvsgul",
  "Kiambu",
  "Kidal",
  "Kien Giang Province",
  "Kikwit",
  "Kilamba Kiaxi",
  "Kilifi",
  "Killinochchi",
  "Kimberley",
  "Kindia",
  "Kindu",
  "King Cetshwayo",
  "Kinshasa",
  "Kinshasa City",
  "Kirinyaga",
  "Kirovograd City",
  "Kirovohrad",
  "Kisangani",
  "Kisauni",
  "Kishoreganj",
  "Kisii",
  "Kisumu",
  "Kisumu City",
  "Kitale",
  "Kitui",
  "Kitwe",
  "Kizil Balaklava",
  "Kjustendil",
  "Koforidua",
  "Kogi",
  "Koh Kong",
  "Kokshetau",
  "Kolbe Foundation Hattieville",
  "Kolda",
  "Kolhapur",
  "Kolkata",
  "Komabangou",
  "Kombani",
  "Kombolcha",
  "Kon Tum Province",
  "Konni",
  "Kono",
  "Korafane",
  "Korla",
  "Koro Toro",
  "Kostanai",
  "Kostanay City",
  "Kota Balikpapan",
  "Kota Bandar Lampung",
  "Kota Bandung",
  "Kota Banjar",
  "Kota Bekasi",
  "Kota Bogor",
  "Kota Bukittinggi",
  "Kota Cimahi",
  "Kota Cirebon",
  "Kota Depok",
  "Kota Jakarta Barat",
  "Kota Jakarta Pusat",
  "Kota Jakarta Selatan",
  "Kota Jakarta Timur",
  "Kota Jakarta Utara",
  "Kota Jambi",
  "Kota Makassar",
  "Kota Malang",
  "Kota Manado",
  "Kota Mataram",
  "Kota Medan",
  "Kota Palembang",
  "Kota Parapare",
  "Kota Pekanbaru",
  "Kota Pontianak",
  "Kota Salatiga",
  "Kota Samarinda",
  "Kota Semarang",
  "Kota Singkawang",
  "Kota Sukabumi",
  "Kota Surabaya",
  "Kota Surakarta",
  "Kota Tasikmalaya",
  "Kota Tomohon",
  "Kota Yogyakarta",
  "Koudougou",
  "Koulikoro",
  "Koumbra",
  "Koutiala",
  "Kpalim\u00e9",
  "Krabi",
  "Kragujevac",
  "Kralovehradecky",
  "Kratie",
  "Kraznoyarsk",
  "Kribi",
  "Krishna",
  "Kriviy Rig",
  "Krong Preah Sihanou",
  "Kropyvnytskyi",
  "Kuantan",
  "Kulob",
  "Kulyab",
  "Kumasi",
  "Kuna Yala",
  "Kunarha",
  "Kunduz",
  "Kuningan",
  "Kunming",
  "Kupang",
  "Kurgan-Tube",
  "Kurigram",
  "Kurunegala",
  "Kusap\u00edn",
  "Kustia",
  "Kutkai",
  "KwaZulu-Natal",
  "KwaZulu-Natal Province",
  "Kwale",
  "Kwara",
  "Kwaya",
  "Kwekwe",
  "Kyaingtong",
  "Kyiv",
  "Kyiv (City)",
  "Kyiv City",
  "Kyzyl-Orda",
  "Kyzylkiya",
  "Kyzylorda City",
  "L'viv",
  "La Ceiba",
  "La Chorrera",
  "La Digue",
  "La Esperanza",
  "La Libertad",
  "La Mesa",
  "La Paz",
  "La Paz/El Alto",
  "La Pintada",
  "La Union",
  "Labasa",
  "Labuan",
  "Lab\u00e9",
  "Lae",
  "Laghman",
  "Lago Agrio",
  "Lagos",
  "Lahore",
  "Lai Chau Province",
  "Laikipia",
  "Lakota",
  "Lakshmipur",
  "Lalitpur",
  "Lalmonirhat",
  "Lam Dong Province",
  "Lambayeque",
  "Lamjung",
  "Lampang",
  "Lamphun",
  "Lampung City",
  "Lamu",
  "Lang Son Province",
  "Lang'ata",
  "Langfang",
  "Lanzhou",
  "Lao Cai Province",
  "Laoag",
  "Lara",
  "Las Crucitas",
  "Las Minas",
  "Las Palmas",
  "Las Pi\u00f1as",
  "Las Tablas",
  "Las Tunas",
  "Lashio",
  "Lattakia",
  "Lautoka",
  "Lavumisa",
  "Leipzig",
  "Leon",
  "Ler\u00e9",
  "Leshan",
  "Lhasa",
  "Liaoning",
  "Liberecky",
  "Libya (national level)",
  "Lida",
  "Lilongwe",
  "Lima",
  "Lima City",
  "Lima/Callao",
  "Limbe",
  "Limon",
  "Limpopo",
  "Limulunga",
  "Lipa",
  "Lira",
  "Lisala",
  "Liuzhou",
  "Livingstone",
  "Lobatse",
  "Lobito",
  "Loei",
  "Logar",
  "Logia",
  "Loja",
  "Loja City",
  "Lombok Timur",
  "Lom\u00e9",
  "Lom\u00e9 Commune",
  "Long An Province",
  "Longyan",
  "Lop BuriI",
  "Loreto",
  "Los Pozos",
  "Los Rios",
  "Los Santos",
  "Los Santos City",
  "Louga",
  "Luanda",
  "Luangnamtha",
  "Luangprabang",
  "Luapula",
  "Lubumbashi",
  "Lucheng",
  "Lucknow",
  "Luderitz",
  "Ludhiana",
  "Lugansk City",
  "Luhansk",
  "Lunglei",
  "Luoyang",
  "Lupane",
  "Lusaka",
  "Lusaka Central",
  "Lutsk",
  "Luwani",
  "Luxor",
  "Lviv City",
  "M'Bahiakro",
  "Ma'anshan",
  "Macaracas",
  "Macas",
  "Machakos",
  "Machala",
  "Machinga",
  "Madaoua",
  "Madaripur",
  "Madhya Pradesh",
  "Madre De Dios",
  "Madurai",
  "Mae Hong Son",
  "Maevatanana",
  "Magadan region",
  "Magaria",
  "Magura",
  "Magway City",
  "Magway Division",
  "Maha Sarakham",
  "Mahaica Berbice",
  "Mahajanga",
  "Mahajanga  I",
  "Maharashtra",
  "Mahottari",
  "Mah\u00e9",
  "Maintirano",
  "Maio ",
  "Majalengka",
  "Majuro",
  "Makadara",
  "Makande",
  "Makati",
  "Makeni",
  "Makindu",
  "Makiyivka",
  "Makueni",
  "Makwanpur",
  "Malaba",
  "Malabon",
  "Malacatan",
  "Malang",
  "Malbaza",
  "Malindi",
  "Mallawa",
  "Maluku Tenggara Barat",
  "Mamou",
  "Man",
  "Manabi",
  "Manado/Bitung",
  "Managua",
  "Manakara",
  "Manang",
  "Mananjary",
  "Manaus",
  "Mandalay City",
  "Mandalay Division",
  "Mandaluyong",
  "Mandaue",
  "Mandera",
  "Mangalore",
  "Mangily",
  "Mango",
  "Mangochi",
  "Mangystau",
  "Manicaland Region",
  "Manikgonj",
  "Manila",
  "Manipur",
  "Mannar",
  "Mansa",
  "Manzini",
  "Manzini/Matsapha",
  "Maputo City",
  "Maputo town (including Matola)",
  "Maputsoe",
  "Maracaibo",
  "Maracay",
  "Maradi",
  "Maranhao",
  "Marcala",
  "Margibi",
  "Mariakani",
  "Marikina",
  "Mariupol",
  "Marondera",
  "Maroua",
  "Marrakech",
  "Marsabit",
  "Maryland",
  "Mar\u00edato",
  "Masaka",
  "Masaya",
  "Maseru",
  "Mashishing",
  "Mashonaland Region",
  "Masvingo",
  "Matabeleland Region",
  "Matadi",
  "Matagalpa",
  "Matale",
  "Matameye",
  "Matanzas",
  "Matara",
  "Mathare/Ngara",
  "Matonge (Kinshasa)",
  "Matrouh",
  "Matuu",
  "Maua",
  "Maubein",
  "Maubin",
  "Maula",
  "Maun",
  "Mavoko",
  "Mawlamyaing",
  "Mayabeque",
  "Mazabuka",
  "Mazar-i-Sharif",
  "Mazowe",
  "Mbabane",
  "Mbabane/Ezulwini",
  "Mbabane/Manzini corridor",
  "Mbale",
  "Mbandaka",
  "Mbarara",
  "Mbeya",
  "Mbombela",
  "Mbour",
  "Mbuji-Mayi",
  "Mchinji",
  "Meagui",
  "Medell\u00edn",
  "Medinipur",
  "Meghalaya",
  "Meherpur",
  "Meiktila",
  "Mekele",
  "Mekong River Delta",
  "Melaka",
  "Melitopol",
  "Mendoza",
  "Menia",
  "Menoufia",
  "Merauke",
  "Meru",
  "Metema",
  "Metro Manila",
  "Mianyang",
  "Miarinarivo",
  "Michoacan",
  "Mid-Masvingo Region",
  "Migori",
  "Mikuyu",
  "Mimika",
  "Minas Gerais",
  "Minsk",
  "Minsk City",
  "Miragoane",
  "Miranda",
  "Mirebalais",
  "Miron\u00f3",
  "Mizoram",
  "Moga",
  "Mogadishu",
  "Mogilev",
  "Mogilev City",
  "Mohali",
  "Moheli",
  "Mohnyin",
  "Moka",
  "Molodechno",
  "Mombasa",
  "Mon",
  "Mon State",
  "Monagas",
  "Monaragala",
  "Mong Cai",
  "Mongo",
  "Mongu",
  "Monjaras",
  "Montijo",
  "Montserrado",
  "Monywa",
  "Monze",
  "Mopani",
  "Mopti",
  "Moquegua",
  "Moramanga",
  "Morang",
  "Moravskoslezsky",
  "Morazan",
  "Moreh",
  "Morelos",
  "Moroceli",
  "Morona Santiago",
  "Morondava",
  "Moscow",
  "Moulvibazar",
  "Moundou",
  "Moussoro",
  "Mozyr",
  "Mpumalanga",
  "Mpyupyu",
  "Mtwapa",
  "Muchinga",
  "Mudanjiang",
  "Mugu",
  "Mukdahan",
  "Mukobeko",
  "Mulanje",
  "Mullativu",
  "Mumbai",
  "Mumbai-Thane",
  "Mumias",
  "Muna",
  "Munich",
  "Munshigonj",
  "Muntinlupa",
  "Murang'a",
  "Muse",
  "Musina",
  "Mustang",
  "Mutare",
  "Mwanza",
  "Myagdi",
  "Myaungmya",
  "Myawaddy",
  "Myeik",
  "Myingyan",
  "Myitkyina",
  "Mykolaiv City",
  "Mykolayiv",
  "Mymensingh",
  "Mzimba",
  "Mzuzu City",
  "M\u00e9rida",
  "N'Djamena",
  "NGAZIDJA",
  "NORTH - Nampula",
  "Naberezhnye Chelny",
  "Nacala",
  "Nacaome",
  "Nadi",
  "Nador",
  "Nagaland",
  "Nagaur",
  "Nainital",
  "Nairobi",
  "Nairobi City",
  "Naivasha",
  "Nakhon Nayok",
  "Nakhon Pathom",
  "Nakhon Phanom",
  "Nakhon Ratchasima",
  "Nakhon Sawan",
  "Nakhon Si Thammarat",
  "Nakuru",
  "Nam Dinh Province",
  "Namanga",
  "Nampula City",
  "Nampula town/Nacala",
  "Nan",
  "Nanchang",
  "Nanchong",
  "Nandi",
  "Nangarhar",
  "Nanjing",
  "Nanning",
  "Nanyang",
  "Nanyuki",
  "Naogaon",
  "Napo",
  "Narail",
  "Narathiwat",
  "Naray Angonj",
  "Narok",
  "Narshingdi",
  "Narva",
  "Naryn",
  "Naryn City",
  "Nassarawa",
  "Natitingou",
  "Natore",
  "Natrokona",
  "Nat\u00e1",
  "Navotas",
  "Nawabganj",
  "Nawalparasi",
  "Nayala",
  "Nayarit",
  "Naypyitaw",
  "Ndola",
  "Negeri Sembilan",
  "Nekemte",
  "Nelson Mandela Bay",
  "Nepal (national level)",
  "Netrakona",
  "Neuqu\u00e9n",
  "Nevis",
  "New Delhi",
  "New Dhaka",
  "Ngabe-Bugle",
  "Ngaounder\u00e9",
  "Ngarabga/Bangui",
  "Nghe An Province",
  "Nha Trang",
  "Nhlangano",
  "Niamey",
  "Niamtougou",
  "Nilphamari",
  "Nimba",
  "Nimroz",
  "Nimule",
  "Ningbo",
  "Ningxia",
  "Ninh Binh Province",
  "Ninh Thuan Province",
  "Nis",
  "Nizhni Novgorod region",
  "Nizhny Novgorod",
  "Nkhata Bay",
  "Nkhotakota",
  "Noakhali",
  "Nole Duima",
  "Nong Bua Lam Phu",
  "Nong Khai",
  "Nonthaburi",
  "Nooristan",
  "Nord",
  "Nord Kivu",
  "North Central Coast",
  "North Darfur",
  "North East",
  "North Kazakhstan",
  "North Kordofan",
  "North West",
  "North West Frontier Province",
  "North-Central Province",
  "North-Western",
  "North-Western Province",
  "Northern",
  "Northern Cape",
  "Northern Province",
  "Nosy Be",
  "Nots\u00e9",
  "Novi Sad",
  "Novopolotsk y Polotsk",
  "Novosibirsk region",
  "Novovolynsk",
  "Nsanje",
  "Ntcheu",
  "Ntchisi",
  "Nueva Esparta",
  "Nuevo Leon",
  "Nurum",
  "Nuwakot",
  "Nuwata Eliya",
  "Nyahururu",
  "Nyamira",
  "Nyandarua",
  "Nyanza",
  "Nyaung-U",
  "Nyeri",
  "Nzerekore",
  "Nzwani",
  "OR Tambo",
  "Oaxaca",
  "Obeid",
  "Obuasi",
  "Ocotepeque",
  "Oc\u00fa",
  "Oddar Meanchey",
  "Odesa",
  "Odesa City",
  "Odienne",
  "Odi\u00e9nn\u00e9",
  "Oecussi",
  "Ogan Komering Ulu (OKU)",
  "Ogun",
  "Okhaldunga",
  "Olanchito",
  "Old Dhaka",
  "Olomoucky",
  "Oluno",
  "Ol\u00e1",
  "Omaruru",
  "Omdurman",
  "Omsk City",
  "Ondo",
  "Ongata Rongai",
  "Oral",
  "Oran",
  "Orange Walk",
  "Orapa",
  "Orel City",
  "Orellana",
  "Orenbur/Orsk",
  "Orientale",
  "Orissa",
  "Orkhon",
  "Oromiya",
  "Orsha",
  "Orsha (Mozyr)",
  "Oryol region",
  "Osh",
  "Osh City",
  "Oshakati",
  "Oshikango",
  "Osipovichi",
  "Oskemen",
  "Osun",
  "Ouagadaougou",
  "Ouahigouya",
  "Ouanaminthe",
  "Ouangolodougou",
  "Ouesso",
  "Ouest",
  "Ouidah",
  "Oum-Hadjer",
  "Oum\u00e9",
  "Oyo",
  "Pabna",
  "Pahang",
  "Pailin",
  "Pakkoku",
  "Paktika",
  "Paktya",
  "Pala",
  "Palangkaraya",
  "Palapye",
  "Palpa",
  "Palu City",
  "Pamplemousses",
  "Panama Oeste",
  "Panchagarh",
  "Panchthar",
  "Pangkal Pinang",
  "Panjakent",
  "Panjipara",
  "Panjsher",
  "Panzhihua",
  "Paoy Paet",
  "Papua",
  "Paraguari",
  "Parakou",
  "Parana",
  "Paranaque",
  "Para\u00edba",
  "Para\u00f1aque",
  "Parbat",
  "Parbattya Chattagram",
  "Parbhani",
  "Pardubicky",
  "Parita",
  "Parsa",
  "Parwan",
  "Pasay",
  "Pasco",
  "Pasig",
  "Pastaza",
  "Pathein",
  "Pathum Thani",
  "Patiala",
  "Pattani",
  "Pattaya",
  "Patuakhali",
  "Pavlodar",
  "Pavlodar City",
  "Pazardzik",
  "Pedas\u00ed",
  "Pekalongan",
  "Pematang Siantar",
  "Penonom\u00e9",
  "Perak",
  "Pereira",
  "Perlis",
  "Pes\u00e9",
  "Petauke",
  "Peten",
  "Petit Goave",
  "Petropavl",
  "Phangnga",
  "Phatthalung",
  "Phayao",
  "Phek",
  "Phetchabun",
  "Phetchaburi",
  "Phichit",
  "Philippines (national level)",
  "Phitsanulok",
  "Phnom Penh",
  "Phrae",
  "Phranakhonsi Ayutthaya",
  "Phu Tho",
  "Phu Yen Province",
  "Phuket",
  "Pichincha",
  "Piggs Peak",
  "Pinar del Rio",
  "Pinogana",
  "Pinsk",
  "Pirojpur",
  "Pisco",
  "Piura",
  "Piura City",
  "Plaines Wilhems",
  "Plateau",
  "Plateau-Central",
  "Pleven",
  "Plovdiv",
  "Plzensky",
  "Pocr\u00ed",
  "Podgorica",
  "Pohnpei",
  "Pointe-Noire",
  "Pokhara",
  "Pokola",
  "Polonaruwa",
  "Polotsk",
  "Poltava",
  "Poltava City",
  "Pomeroon-Supenaam",
  "Pondicherry",
  "Pongola",
  "Porlamar",
  "Port Elizabeth",
  "Port Loko",
  "Port Louis",
  "Port Moresby",
  "Port Sudan",
  "Port Vila",
  "Port-Said",
  "Port-au-Prince",
  "Port-de-Paix",
  "Porto Alegre",
  "Porto-Novo",
  "Portobelo",
  "Portoviejo",
  "Portuguesa",
  "Potaro-Siparuni",
  "Pouytenga",
  "Prabumulih",
  "Prachin Buri",
  "Prachuap Khiri Khan",
  "Praha",
  "Praia",
  "Prakasham",
  "Praslin",
  "Preah Sihanouk",
  "Preah Vihear",
  "Presidente Hayes",
  "Pretoria",
  "Prey Veng",
  "Primorsky region",
  "Probolinggo",
  "Pucallpa",
  "Puebla",
  "Puerto Cort\u00e9s",
  "Puerto Galera",
  "Puerto Lempira",
  "Puerto Plata",
  "Puerto Princesa",
  "Pulau Pinang",
  "Pune",
  "Punjab",
  "Puno",
  "Puntarenas",
  "Pursat",
  "Purwakarta",
  "Puttalam",
  "Pyay",
  "Pyinmana",
  "Pyinoolwin",
  "Pyuthan",
  "P\u00e9tionVille",
  "Qingdao",
  "Qinghai",
  "Qingzhou",
  "Qiqihar",
  "Quang Binh Province",
  "Quang Nam Province",
  "Quang Ngai Province",
  "Quang Ninh Province",
  "Quang Tri Province",
  "Quanzhou",
  "Quena",
  "Queretaro",
  "Quetzaltenango",
  "Quezon",
  "Quiche",
  "Quintana Roo",
  "Quito",
  "RIver Gee",
  "Rabat",
  "Rajasthan",
  "Rajbari",
  "Rajshahi",
  "Rakhine State",
  "Ramechap",
  "Rangpur",
  "Ranomafana",
  "Ranong",
  "Rasuwa",
  "Ratanak Kiri",
  "Ratchaburi",
  "Rathnapura",
  "Rautahat",
  "Rayong",
  "Rechitsa",
  "Recife",
  "Red River Delta",
  "Red Sea",
  "Region Maritime (excluding Greater Lome area)",
  "Region de la Kara",
  "Region des Plateaux",
  "Region des Savanes",
  "Region du Centre",
  "Remaining Hill",
  "Remedios",
  "Renacimiento",
  "Retalhuleu",
  "Ribnita",
  "Rift Valley",
  "Rio De Janeiro",
  "Rio Grande Do Sul",
  "Riobamba",
  "Rivas",
  "River Nile",
  "Rivers",
  "Riviere Du Rempart",
  "Rivne",
  "Rivne City",
  "Riyadh",
  "Roatan",
  "Roi Et",
  "Rolpa",
  "Rongpur",
  "Roseau",
  "Rubtsovsk",
  "Rudaki",
  "Ruiru",
  "Rukum",
  "Rumphi",
  "Rupandehi",
  "Rupnagar",
  "Rusape",
  "Rustenburg",
  "R\u00edo de Jes\u00fas",
  "Sa Kaeo",
  "Sabah",
  "Sabaragamuwa",
  "Sacatepequez",
  "Safi",
  "Sagaing City",
  "Sagaing Division",
  "Sagar",
  "Sahel",
  "Saint Marc",
  "Saint Petersburg",
  "Saint-Louis",
  "Sainte Marie",
  "Sakaraha",
  "Sakhalin",
  "Salem",
  "Salihorsk",
  "Salima",
  "Salta",
  "Salvador",
  "Salyan",
  "Samangan",
  "Samarinda",
  "Samarkand",
  "Sambava",
  "Samburu",
  "Samb\u00fa",
  "Samut Prakan",
  "Samut Sakhon",
  "Samut Songkhram",
  "San Benito",
  "San Carlos",
  "San Diego",
  "San Francisco",
  "San F\u00e9lix",
  "San Jose",
  "San Jose City",
  "San Jose del Monte",
  "San Juan",
  "San Lorenzo",
  "San Luis",
  "San Luis Potosi",
  "San Marcos",
  "San Martin",
  "San Miguel",
  "San Miguel City",
  "San Miguelito",
  "San Pedro",
  "San Pedro Sula",
  "San Salvador",
  "San Salvador City",
  "San Vicente",
  "Sancti Spiritus",
  "Sankhuwasava",
  "Santa Ana",
  "Santa Ana City",
  "Santa Catarina",
  "Santa Catarina ",
  "Santa Cruz",
  "Santa Domingo",
  "Santa Elena",
  "Santa Fe",
  "Santa Isabel",
  "Santa Mar\u00eda",
  "Santa Rosa",
  "Santiago",
  "Santiago de Chile",
  "Santiago de Cuba",
  "Santiago del Estero",
  "Santo Domingo de los Tsachilas",
  "Santos",
  "Sanya",
  "Sao Paulo",
  "Saptari",
  "Saraburi",
  "Sarawak",
  "Sari Pul",
  "Sarlahi",
  "Sassandra",
  "Sassoumbroum",
  "Sattahip",
  "Satun",
  "Savannakhet",
  "Savanne",
  "Savusavu",
  "Sedhiou",
  "Sedibeng",
  "Segou",
  "Sekhukhune",
  "Selangor",
  "Selenge",
  "Selibe Phikwe",
  "Semarang",
  "Semera",
  "Semey",
  "Senanga",
  "Sennar",
  "Serei Saophoan",
  "Sergipe",
  "Serowe",
  "Servicio Penitenciario Federal",
  "Sevastopol",
  "Sevastopol City",
  "Severodonetsk",
  "Shaanxi",
  "Shaartuz",
  "Shamva",
  "Shan State (East)",
  "Shan State (North)",
  "Shan State (South)",
  "Shandong",
  "Shanghai",
  "Shaoguan",
  "Shaoxing",
  "Shariatpur",
  "Sharkia",
  "Shashemene",
  "Shatkhira",
  "Shenyang",
  "Shenzhen",
  "Sherpur",
  "Shijiazhuang",
  "Shimoga",
  "Shwebo",
  "Shymkent",
  "Shymkent City",
  "Si Sa Ket",
  "Siaya",
  "Sichuan",
  "Sidenreng Rappang",
  "Sidoarjo",
  "Siem Reap",
  "Sieman",
  "Sikasso",
  "Sikkim",
  "Siliguri",
  "Simalungun",
  "Simalungun District",
  "Simeulue",
  "Simferopol",
  "Sinaloa",
  "Sindh",
  "Sindhuli",
  "Sindhupalchok",
  "Sing Buri",
  "Siraha",
  "Sirajgonj",
  "Siria",
  "Siteki",
  "Sittwe",
  "Skopje",
  "Smila",
  "Soc Trang Province",
  "Sofijskaja oblast",
  "Sokod\u00e9",
  "Sokoto",
  "Solokhumbu",
  "Solola",
  "Solwezi",
  "Soma",
  "Son La",
  "Son La Province",
  "Songkhla",
  "Sonora",
  "Sonsonate",
  "Sonzacate",
  "Son\u00e1",
  "Sorong",
  "Sotouboua",
  "Soubdou",
  "Soubre",
  "South Africa (national level)",
  "South Darfur",
  "South Kazakhstan",
  "South Tangerang City",
  "Southern",
  "Southern Province",
  "Sowa",
  "Soweto",
  "Srimongol",
  "Sriracha",
  "St. John",
  "Starehe",
  "Stredocesky",
  "Stung Treng",
  "Subang",
  "Suchitepequez",
  "Sucre",
  "Sucumbios",
  "Sud",
  "Sud Kivu",
  "Sud-Ouest",
  "Suez",
  "Sughd",
  "Suhag",
  "Sukabumi",
  "Sukamara",
  "Sukhothai",
  "Sullana",
  "Sumedang",
  "Sumenep",
  "Sumy",
  "Sumy City",
  "Sun Amgonj",
  "Sunsari",
  "Suphan Buri",
  "Surat Thani",
  "Surigao",
  "Surin",
  "Surkhet",
  "Suva",
  "Suzhou",
  "Svay Rieng",
  "Sverdlovsk region",
  "Svetlogorsk",
  "Swakopmund",
  "Syangja",
  "Sylhet",
  "Syr Darya",
  "S\u00e3o Tom\u00e9",
  "S\u00e9guela",
  "Tabalak",
  "Tabasco",
  "Tabligbo",
  "Taboga",
  "Tabotaki",
  "Tabou",
  "Tachileik",
  "Tacna",
  "Taguig",
  "Tahoua",
  "Taita Taveta",
  "Taiyuan",
  "Tajikistan (national level)",
  "Tak",
  "Takeo",
  "Takhar",
  "Takoradi",
  "Talara",
  "Talas",
  "Talas City",
  "Taldykorgan",
  "Talisay",
  "Tamanrasset",
  "Tamara",
  "Tamaske",
  "Tamaulipas",
  "Tambacounda",
  "Tamil Nadu",
  "Tamu",
  "Tana River",
  "Tanahu",
  "Tanga",
  "Tangail",
  "Tanger",
  "Tangerang",
  "Tangerang city",
  "Tanintharyi Division",
  "Tanjung Pinang",
  "Taolagnaro",
  "Taplejung",
  "Taraba",
  "Tarapoto",
  "Taraz",
  "Tarka",
  "Tarn Taran",
  "Tartous",
  "Tashkent",
  "Tasikmalaya",
  "Tatarstan",
  "Taunggyi",
  "Taungoo",
  "Tauranga",
  "Taveta",
  "Tay Ninh Province",
  "Tbilisi",
  "Tchamba",
  "Tchinta",
  "Tegal",
  "Tegucigalpa",
  "Teknaf",
  "Tela",
  "Telavi",
  "Temirtau",
  "Tenkodogo",
  "Terai Highway",
  "Terathum",
  "Terengganu",
  "Ternopil",
  "Ternopil City",
  "Thabo Mofutsanyana",
  "Thai Binh Province",
  "Thai Nguyen Province",
  "Thakurgaon",
  "Thane",
  "Thanh Hoa Province",
  "Tharaka",
  "Thies",
  "Thika",
  "Thikapa",
  "Thohoyandou",
  "Thua Thien - Hue Prov",
  "Thyolo",
  "Tianjin",
  "Tianshui",
  "Tiaret",
  "Tiassal\u00e9",
  "Tibet",
  "Tien Giang Province",
  "Tigray",
  "Tijuana",
  "Tillaberi",
  "Tirana",
  "Tiraspol",
  "Tlaxcala",
  "Toamasina",
  "Toamasina City",
  "Togliatti City",
  "Tokmok",
  "Toliara",
  "Tolochin",
  "Tol\u00e9",
  "Tombouctou",
  "Tomsk",
  "Tongi",
  "Tongren",
  "Tonk",
  "Tonos\u00ed",
  "Tororo",
  "Tosno",
  "Totonicapan",
  "Touba",
  "Toumodi",
  "Tra Vinh Province",
  "Trang",
  "Trans Nzoia",
  "Trat",
  "Trincomalee",
  "Tripoli (Tarabulus) City",
  "Tripura",
  "Trivandrum",
  "Trujillo",
  "Tshane",
  "Tsiroanomandidy",
  "Ts\u00e9vi\u00e9",
  "Tuenseng",
  "Tuguegarao",
  "Tumbes",
  "Tungurahua",
  "Turkana",
  "Turkistan",
  "Tursunzade",
  "Tutume",
  "Tuyen Quang Province",
  "T\u00e1chira",
  "T\u00e9touan",
  "Uasin Gishu",
  "Ubon Ratchathani",
  "Ucayali",
  "Udayapur",
  "Udham Singh Nagar",
  "Udon Thani",
  "Ugu",
  "Ukunda",
  "Ulaanbaatar",
  "Ulytau",
  "United States (national level)",
  "Uong Bi",
  "Upper Demerara-Berbice",
  "Upper East",
  "Upper Takutu-Upper Essequibo",
  "Upper West",
  "Uralsk",
  "Urban areas",
  "Urozgan",
  "Urumqi",
  "Ustecky",
  "Usulutan",
  "Uthai Thani",
  "Uttar Pradesh",
  "Uttaradit",
  "Uttaranchal",
  "Uva Province",
  "Uzhhorod",
  "Vahdat",
  "Valencia",
  "Valenzuela",
  "Valle del Cauca",
  "Vargas",
  "Varna",
  "Vasco Da Gama",
  "Vasylkiv",
  "Vavuniya",
  "Veracruz",
  "Veraguas",
  "Viana",
  "Victoria",
  "Victoria Falls",
  "Viejo Caldas",
  "Vientiane Capital",
  "Vihiga",
  "Vijayawada",
  "Villa Clara",
  "Villavicencio",
  "Ville De Kigali",
  "Villupuruam",
  "Vinh Long Province",
  "Vinh Phuc Province",
  "Vinnytsia",
  "Vinnytsia City",
  "Visakhapatnam",
  "Vitebsk",
  "Vitebsk City",
  "Vogan",
  "Voi",
  "Volta",
  "Volyn",
  "Voronezh City",
  "Voznesensk",
  "Vsevolozhsk",
  "Vung Tau",
  "Vysocina",
  "Waimaw",
  "Wajir",
  "Walalewa",
  "Walvis Bay",
  "Walvis Bay/Swakopmund",
  "Warangal",
  "Wardak",
  "Wau",
  "Webuye",
  "Weihai",
  "Wellington",
  "Weno",
  "Weno & outer islands",
  "West Bengal",
  "West Darfur",
  "West Delhi",
  "West Kazakhstan",
  "West Pokot",
  "West Rand",
  "Western",
  "Western Area",
  "Western Cape",
  "Western Hills",
  "Western Province",
  "Western Terai",
  "Westlands",
  "White Nile",
  "Windhoek",
  "Witbank",
  "Wokha",
  "Wuhan",
  "Wuhu",
  "Xi'an",
  "Xiamen",
  "Xiangyang",
  "Xichang",
  "Xingtai",
  "Xining",
  "Xinjiang",
  "Xuchang",
  "Yala",
  "Yalta",
  "Yambio",
  "Yamoussoukro",
  "Yanbian",
  "Yancheng",
  "Yangjiang",
  "Yangon City",
  "Yangon Division",
  "Yangzhou",
  "Yantai",
  "Yaound\u00e9",
  "Yaracuy",
  "Yaren",
  "Yasothon",
  "Yen Bai Province",
  "Yevatmal",
  "Yinchuan",
  "Yobe",
  "Yogyakarta",
  "Yoro",
  "Ysyk-Kol",
  "Yucatan",
  "Yulin",
  "Yunnan",
  "Yuxi",
  "Zabul",
  "Zacapa",
  "Zacatecas",
  "Zakarpattia",
  "Zamboanga",
  "Zamfara",
  "Zamora Chinchipe",
  "Zaporizhzhia",
  "Zaporizhzhia City",
  "Zaranj",
  "Zhambyl",
  "Zhejiang",
  "Zhengzhou",
  "Zhetysu",
  "Zhlobin",
  "Zhodino",
  "Zhodino (Mozyr)",
  "Zhongshan",
  "Zhuhai",
  "Zhytomyr",
  "Zhytomyr City",
  "Zigong",
  "Ziguinchor",
  "Zinder",
  "Zizhong",
  "Zlinsky",
  "Znamyanka",
  "Zomba",
  "Zugdidi",
  "Zulia",
  "Zunyi",
  "Zurich",
  "Zvishavane",
  "kasama",
  "s.Sokuluk",
  "sarh",
  "uMgungundlovu",
  "\u00d1eembucu",
  "Tuv"
]
