{
  "Albania": "Albania",
  "Algeria": "Algeria",
  "Angola": "Angola",
  "Antigua and Barbuda": "Antigua and Barbuda",
  "Argentina": "Argentina",
  "Australia": "Australia",
  "Bahamas": "Bahamas",
  "Bahrain": "Bahrain",
  "Bangladesh": "Bangladesh",
  "Barbados": "Barbados",
  "Belgium": "Belgium",
  "Belize": "Belize",
  "Benin": "Benin",
  "Bosnia and Herzegovina": "Bosnia and Herzegovina",
  "Brazil": "Brazil",
  "Brunei": "Brunei",
  "Bulgaria": "Bulgaria",
  "Burkina Faso": "Burkina Faso",
  "Cambodia": "Cambodia",
  "Cameroon": "Cameroon",
  "Canada": "Canada",
  "Cape Verde": "Cape Verde",
  "Chile": "Chile",
  "China": "China",
  "Colombia": "Colombia",
  "Comoros": "Comoros",
  "Congo": "Congo",
  "Costa Rica": "Costa Rica",
  "Croatia": "Croatia",
  "Cyprus": "Cyprus",
  "C\u00f4te d'Ivoire": "Cote d'Ivoire",
  "Denmark": "Denmark",
  "Djibouti": "Djibouti",
  "Dominica": "Dominica",
  "Dominican Republic": "Dominican Republic",
  "Ecuador": "Ecuador",
  "Egypt": "Egypt",
  "El Salvador": "El Salvador",
  "Equatorial Guinea": "Equatorial Guinea",
  "Eritrea": "Eritrea",
  "Estonia": "Estonia",
  "Fiji": "Fiji",
  "Finland": "Finland",
  "France": "France",
  "French Guiana": "French Guiana",
  "Gabon": "Gabon",
  "Gambia": "Gambia",
  "Georgia": "Georgia",
  "Germany": "Germany",
  "Ghana": "Ghana",
  "Greece": "Greece",
  "Grenada": "Grenada",
  "Guadeloupe": "Guadeloupe",
  "Guatemala": "Guatemala",
  "Guinea": "Guinea",
  "Guinea-Bissau": "Guinea-Bissau",
  "Guyana": "Guyana",
  "Haiti": "Haiti",
  "Honduras": "Honduras",
  "Hong Kong": "Hong Kong",
  "Iceland": "Iceland",
  "India": "India",
  "Indonesia": "Indonesia",
  "Iran": "Iran",
  "Iraq": "Iraq",
  "Ireland": "Ireland",
  "Israel": "Israel",
  "Italy": "Italy",
  "Jamaica": "Jamaica",
  "Japan": "Japan",
  "Jordan": "Jordan",
  "Kazakhstan": "Kazakhstan",
  "Kenya": "Kenya",
  "Kiribati": "Kiribati",
  "Kuwait": "Kuwait",
  "Latvia": "Latvia",
  "Lebanon": "Lebanon",
  "Lesotho": "Lesotho",
  "Liberia": "Liberia",
  "Libya": "Libya",
  "Lithuania": "Lithuania",
  "Macau": "Macao",
  "Madagascar": "Madagascar",
  "Malaysia": "Malaysia",
  "Maldives": "Maldives",
  "Malta": "Malta",
  "Marshall Islands": "Marshall Islands",
  "Martinique": "Martinique",
  "Mauritania": "Mauritania",
  "Mauritius": "Mauritius",
  "Mexico": "Mexico",
  "Monaco": "Monaco",
  "Montenegro": "Montenegro",
  "Morocco": "Morocco",
  "Mozambique": "Mozambique",
  "Myanmar": "Myanmar",
  "Namibia": "Namibia",
  "Netherlands": "Netherlands",
  "New Zealand": "New Zealand",
  "Nicaragua": "Nicaragua",
  "Nigeria": "Nigeria",
  "North Korea": "North Korea",
  "Norway": "Norway",
  "Oman": "Oman",
  "Pakistan": "Pakistan",
  "Palau": "Palau",
  "Palestine": "Palestine",
  "Panama": "Panama",
  "Papua New Guinea": "Papua New Guinea",
  "Peru": "Peru",
  "Philippines": "Philippines",
  "Poland": "Poland",
  "Portugal": "Portugal",
  "Puerto Rico": "Puerto Rico",
  "Qatar": "Qatar",
  "Reunion": "Reunion",
  "Romania": "Romania",
  "Russia": "Russia",
  "Saint Kitts and Nevis": "Saint Kitts and Nevis",
  "Saint Lucia": "Saint Lucia",
  "Samoa": "Samoa",
  "Sao Tome and Principe": "Sao Tome and Principe",
  "Saudi Arabia": "Saudi Arabia",
  "Senegal": "Senegal",
  "Seychelles": "Seychelles",
  "Sierra Leone": "Sierra Leone",
  "Singapore": "Singapore",
  "Slovakia": "Slovakia",
  "Slovenia": "Slovenia",
  "Solomon Islands": "Solomon Islands",
  "Somalia": "Somalia",
  "South Africa": "South Africa",
  "South Korea": "South Korea",
  "Spain": "Spain",
  "Sri Lanka": "Sri Lanka",
  "Sudan": "Sudan",
  "Suriname": "Suriname",
  "Sweden": "Sweden",
  "Syria": "Syria",
  "Taiwan": "Taiwan",
  "Tanzania": "Tanzania",
  "Thailand": "Thailand",
  "Timor-Leste": "East Timor",
  "Togo": "Togo",
  "Tonga": "Tonga",
  "Trinidad and Tobago": "Trinidad and Tobago",
  "Tunisia": "Tunisia",
  "Turkey": "Turkey",
  "Ukraine": "Ukraine",
  "United Arab Emirates": "United Arab Emirates",
  "United Kingdom": "United Kingdom",
  "United States": "United States",
  "Uruguay": "Uruguay",
  "Venezuela": "Venezuela",
  "Vietnam": "Vietnam",
  "Western Sahara": "Western Sahara",
  "Yemen": "Yemen",
  "Zimbabwe": "Zimbabwe",
  "Congo (Democratic Republic of the)": "Democratic Republic of Congo",
  "Federated States of Micronesia": "Micronesia (country)",
  "Saint Vincent and the Grenadines": "Saint Vincent and the Grenadines",
  "Saint Martin": "Saint Martin (French part)",
  "Sint Maarten": "Sint Maarten (Dutch part)"
}