{
  "Afghanistan": "Afghanistan",
  "Albania": "Albania",
  "Algeria": "Algeria",
  "Angola": "Angola",
  "Argentina": "Argentina",
  "Armenia": "Armenia",
  "Australia": "Australia",
  "Austria": "Austria",
  "Azerbaijan": "Azerbaijan",
  "Bahamas": "Bahamas",
  "Bahrain": "Bahrain",
  "Bangladesh": "Bangladesh",
  "Barbados": "Barbados",
  "Belarus": "Belarus",
  "Belgium": "Belgium",
  "Benin": "Benin",
  "Bhutan": "Bhutan",
  "Bolivia (Plurinational State of)": "Bolivia",
  "Bosnia and Herzegovina": "Bosnia and Herzegovina",
  "Botswana": "Botswana",
  "Brazil": "Brazil",
  "Brunei Darussalam": "Brunei",
  "Bulgaria": "Bulgaria",
  "Burkina Faso": "Burkina Faso",
  "Burundi": "Burundi",
  "Cambodia": "Cambodia",
  "Cameroon": "Cameroon",
  "Canada": "Canada",
  "Cayman Islands": "Cayman Islands",
  "Central African Republic": "Central African Republic",
  "Chad": "Chad",
  "Chile": "Chile",
  "China": "China",
  "China, Hong Kong SAR": "Hong Kong",
  "China, Macao SAR": "Macao",
  "Colombia": "Colombia",
  "Comoros": "Comoros",
  "Congo": "Congo",
  "Costa Rica": "Costa Rica",
  "Croatia": "Croatia",
  "Cuba": "Cuba",
  "Cyprus": "Cyprus",
  "Czechia": "Czechia",
  "C\u00f4te d'Ivoire": "Cote d'Ivoire",
  "Democratic Republic of the Congo": "Democratic Republic of Congo",
  "Denmark": "Denmark",
  "Djibouti": "Djibouti",
  "Dominican Republic": "Dominican Republic",
  "Ecuador": "Ecuador",
  "Egypt": "Egypt",
  "El Salvador": "El Salvador",
  "Equatorial Guinea": "Equatorial Guinea",
  "Eritrea": "Eritrea",
  "Estonia": "Estonia",
  "Eswatini": "Eswatini",
  "Ethiopia": "Ethiopia",
  "Fiji": "Fiji",
  "Finland": "Finland",
  "France": "France",
  "French Guiana": "French Guiana",
  "French Polynesia": "French Polynesia",
  "Gabon": "Gabon",
  "Gambia": "Gambia",
  "Georgia": "Georgia",
  "Germany": "Germany",
  "Ghana": "Ghana",
  "Gibraltar": "Gibraltar",
  "Greece": "Greece",
  "Guam": "Guam",
  "Guatemala": "Guatemala",
  "Guinea-Bissau": "Guinea-Bissau",
  "Guyana": "Guyana",
  "Haiti": "Haiti",
  "Honduras": "Honduras",
  "Hungary": "Hungary",
  "Iceland": "Iceland",
  "India": "India",
  "Indonesia": "Indonesia",
  "Iran (Islamic Republic of)": "Iran",
  "Iraq": "Iraq",
  "Ireland": "Ireland",
  "Israel": "Israel",
  "Italy": "Italy",
  "Jamaica": "Jamaica",
  "Japan": "Japan",
  "Jersey": "Jersey",
  "Jordan": "Jordan",
  "Kazakhstan": "Kazakhstan",
  "Kenya": "Kenya",
  "Kiribati": "Kiribati",
  "Kuwait": "Kuwait",
  "Kyrgyzstan": "Kyrgyzstan",
  "Lao People's Democratic Republic": "Laos",
  "Latvia": "Latvia",
  "Lebanon": "Lebanon",
  "Lesotho": "Lesotho",
  "Liberia": "Liberia",
  "Libya": "Libya",
  "Lithuania": "Lithuania",
  "Luxembourg": "Luxembourg",
  "Madagascar": "Madagascar",
  "Malawi": "Malawi",
  "Malaysia": "Malaysia",
  "Maldives": "Maldives",
  "Mali": "Mali",
  "Malta": "Malta",
  "Martinique": "Martinique",
  "Mauritania": "Mauritania",
  "Mauritius": "Mauritius",
  "Mayotte": "Mayotte",
  "Mexico": "Mexico",
  "Monaco": "Monaco",
  "Mongolia": "Mongolia",
  "Montenegro": "Montenegro",
  "Morocco": "Morocco",
  "Mozambique": "Mozambique",
  "Myanmar": "Myanmar",
  "Namibia": "Namibia",
  "Nepal": "Nepal",
  "Netherlands": "Netherlands",
  "New Caledonia": "New Caledonia",
  "New Zealand": "New Zealand",
  "Nicaragua": "Nicaragua",
  "Niger": "Niger",
  "Nigeria": "Nigeria",
  "North Macedonia": "North Macedonia",
  "Norway": "Norway",
  "Oman": "Oman",
  "Pakistan": "Pakistan",
  "Panama": "Panama",
  "Papua New Guinea": "Papua New Guinea",
  "Paraguay": "Paraguay",
  "Peru": "Peru",
  "Philippines": "Philippines",
  "Poland": "Poland",
  "Portugal": "Portugal",
  "Puerto Rico": "Puerto Rico",
  "Qatar": "Qatar",
  "Republic of Korea": "South Korea",
  "Republic of Moldova": "Moldova",
  "Romania": "Romania",
  "Russian Federation": "Russia",
  "Rwanda": "Rwanda",
  "R\u00e9union": "Reunion",
  "Samoa": "Samoa",
  "Sao Tome and Principe": "Sao Tome and Principe",
  "Saudi Arabia": "Saudi Arabia",
  "Senegal": "Senegal",
  "Serbia": "Serbia",
  "Sierra Leone": "Sierra Leone",
  "Singapore": "Singapore",
  "Slovakia": "Slovakia",
  "Slovenia": "Slovenia",
  "Solomon Islands": "Solomon Islands",
  "Somalia": "Somalia",
  "South Africa": "South Africa",
  "South Sudan": "South Sudan",
  "Spain": "Spain",
  "Sri Lanka": "Sri Lanka",
  "State of Palestine": "Palestine",
  "Sudan": "Sudan",
  "Suriname": "Suriname",
  "Sweden": "Sweden",
  "Switzerland": "Switzerland",
  "Syrian Arab Republic": "Syria",
  "Tajikistan": "Tajikistan",
  "Thailand": "Thailand",
  "Timor-Leste": "East Timor",
  "Togo": "Togo",
  "Tonga": "Tonga",
  "Trinidad and Tobago": "Trinidad and Tobago",
  "Tunisia": "Tunisia",
  "Turkmenistan": "Turkmenistan",
  "T\u00fcrkiye": "Turkey",
  "Uganda": "Uganda",
  "Ukraine": "Ukraine",
  "United Arab Emirates": "United Arab Emirates",
  "United Kingdom": "United Kingdom",
  "United Republic of Tanzania": "Tanzania",
  "United States of America": "United States",
  "Uruguay": "Uruguay",
  "Uzbekistan": "Uzbekistan",
  "Vanuatu": "Vanuatu",
  "Venezuela (Bolivarian Republic of)": "Venezuela",
  "Viet Nam": "Vietnam",
  "Western Sahara": "Western Sahara",
  "Yemen": "Yemen",
  "Zambia": "Zambia",
  "Zimbabwe": "Zimbabwe",
  "Dem. People's Republic of Korea": "North Korea",
  "Kosovo (under UNSC res. 1244)": "Kosovo",
  "Taipei (China, Taiwan Province of China)": "Taipei",
  "Abidjan (C\u00f4te d'Ivoire)": "Abidjan",
  "Accra (Ghana)": "Accra",
  "Ahmedabad (India)": "Ahmedabad",
  "Al-Khar\u1e6d\u016bm (Khartoum) (Sudan)": "Khartoum",
  "Al-Qahirah (Cairo) (Egypt)": "Cairo",
  "Alexandria (Egypt)": "Alexandria",
  "Amm\u0101n (Amman) (Jordan)": "Amman",
  "Ar-Riy\u0101\u1e11 (Riyadh) (Saudi Arabia)": "Riyadh",
  "Baghd\u0101d (Baghdad) (Iraq)": "Baghdad",
  "Bandung (Indonesia)": "Bandung",
  "Beijing (China)": "Beijing",
  "Belo Horizonte (Brazil)": "Belo Horizonte",
  "Bengaluru (India)": "Bengaluru",
  "Bogot\u00e1 (Colombia)": "Bogota",
  "Buenos Aires (Argentina)": "Buenos Aires",
  "Cape Town (South Africa)": "Cape Town",
  "Casablanca (Morocco)": "Casablanca",
  "Chaozhou (China)": "Chaozhou",
  "Chattogram (Bangladesh)": "Chattogram",
  "Chennai (India)": "Chennai",
  "Chengdu (China)": "Chengdu",
  "China, Taiwan Province of China": "Taiwan",
  "Chongqing (China)": "Chongqing",
  "Ciudad de M\u00e9xico (Mexico City) (Mexico)": "Mexico City",
  "Dar es Salaam (United Republic of Tanzania)": "Dar es Salaam",
  "Dhaka (Bangladesh)": "Dhaka",
  "Dubai (United Arab Emirates)": "Dubai",
  "Faisalabad (Pakistan)": "Faisalabad",
  "Guangzhou (China)": "Guangzhou",
  "Hajipur (India)": "Hajipur",
  "Hangzhou (China)": "Hangzhou",
  "Harbin (China)": "Harbin",
  "Ho Chi Minh City (Viet Nam)": "Ho Chi Minh City",
  "H\u00e0 N\u1ed9i (Hanoi) (Viet Nam)": "Hanoi",
  "Hefei (China)": "Hefei",
  "Hyderabad (India)": "Hyderabad",
  "Isl\u0101m\u0101b\u0101d (Pakistan)": "Islamabad",
  "Istanbul (T\u00fcrkiye)": "Istanbul",
  "Jakarta (Indonesia)": "Jakarta",
  "Johannesburg (South Africa)": "Johannesburg",
  "Kampala (Uganda)": "Kampala",
  "Kano (Nigeria)": "Kano",
  "Kanpur (India)": "Kanpur",
  "Karachi (Pakistan)": "Karachi",
  "Kinshasa (Democratic Republic of the Congo)": "Kinshasa",
  "Kochi (India)": "Kochi",
  "Kolkata (India)": "Kolkata",
  "Kozhikode (India)": "Kozhikode",
  "Krung Thep Maha Nakhon (Bangkok) (Thailand)": "Bangkok",
  "Kuala Lumpur (Malaysia)": "Kuala Lumpur",
  "K\u0101bul (Kabul) (Afghanistan)": "Kabul",
  "Lagos (Nigeria)": "Lagos",
  "Lahore (Pakistan)": "Lahore",
  "Lima (Peru)": "Lima",
  "London (United Kingdom)": "London",
  "Los Angeles (United States of America)": "Los Angeles",
  "Luanda (Angola)": "Luanda",
  "Lucknow (India)": "Lucknow",
  "Madrid (Spain)": "Madrid",
  "Manila (Philippines)": "Manila",
  "Mashhad (Iran (Islamic Republic of))": "Mashhad",
  "Medan (Indonesia)": "Medan",
  "Moskva (Moscow) (Russian Federation)": "Moscow",
  "Mumbai (India)": "Mumbai",
  "Nagoya (Japan)": "Nagoya",
  "Nairobi (Kenya)": "Nairobi",
  "Nanjing (China)": "Nanjing",
  "New Delhi (India)": "New Delhi",
  "New York City (United States of America)": "New York City",
  "Onitsha (Nigeria)": "Onitsha",
  "Osaka (Japan)": "Osaka",
  "Paris (France)": "Paris",
  "Pune (India)": "Pune",
  "Rio de Janeiro (Brazil)": "Rio de Janeiro",
  "Saint Petersburg (Russian Federation)": "Saint Petersburg",
  "Santiago (Chile)": "Santiago",
  "Santo Domingo (Dominican Republic)": "Santo Domingo",
  "Seoul (Republic of Korea)": "Seoul",
  "Shanghai (China)": "Shanghai",
  "Shenyang (China)": "Shenyang",
  "Shenzhen (China)": "Shenzhen",
  "Singapore (Singapore)": "Singapore",
  "Sri Jayawardenepura Kotte - Colombo (Sri Lanka)": "Colombo",
  "Surat (India)": "Surat",
  "Surabaya (Indonesia)": "Surabaya",
  "Suzhou (China)": "Suzhou",
  "Sydney (Australia)": "Sydney",
  "S\u00e3o Paulo (Brazil)": "Sao Paulo",
  "Tamar (Hong Kong) (China, Hong Kong SAR)": "Hong Kong",
  "Tehr\u0101n (Tehran) (Iran (Islamic Republic of))": "Tehran",
  "Tianjin (China)": "Tianjin",
  "Toronto (Canada)": "Toronto",
  "T\u014dky\u014d (Tokyo) (Japan)": "Tokyo",
  "Wenzhou (China)": "Wenzhou",
  "Wuhan (China)": "Wuhan",
  "Xi'an (China)": "Xi'an",
  "Yangon (Myanmar)": "Yangon",
  "Yaound\u00e9 (Cameroon)": "Yaounde",
  "Zhengzhou (China)": "Zhengzhou",
  "\u0100d\u012bs \u1fb9beba (Addis Ababa) (Ethiopia)": "Addis Ababa",
  "Belize": "Belize",
  "Cabo Verde": "Cape Verde",
  "Cura\u00e7ao": "Curacao",
  "Guadeloupe": "Guadeloupe",
  "Guinea": "Guinea"
}